method_name,variant_name,image_name,bhattacharyya_distance,wasserstein_distance,gradient_magnitude_similarity,edge_preservation_f1,local_contrast_ratio,background_uniformity,mask_foreground_background_contrast,artifact_circularity_score,composite_score,sigmas,subtract_mode,radii,orders,robust,sigma_clip,max_iters,fitting_modes,get_darkfield,smoothness_flatfield,epsilon,autosegment,autosegment_margin,max_iterations,max_reweight_iterations,max_reweight_iterations_baseline,model_cache_dirname
gaussian_background,gaussian_background__v1__hm_1,"Aufnahme-01_0,5Mio_nach_24h.jpg",4.313636381258349,0.33536047098459676,0.5568822026252747,0.02903833614848245,16.27005130272173,0.25693387498519815,,0.03742262307473103,0.34337469718552116,10.0,subtract,,,,,,,,,,,,,,,
gaussian_background,gaussian_background__v2__hm_1,"Aufnahme-01_0,5Mio_nach_24h.jpg",4.313636381258349,0.33536047098459676,0.5568822026252747,0.02903833614848245,16.27005130272173,0.25693387498519815,,0.03742262307473103,0.34337469718552116,20.0,subtract,,,,,,,,,,,,,,,
gaussian_background,gaussian_background__v3__hm_1,"Aufnahme-01_0,5Mio_nach_24h.jpg",4.313636381258349,0.33536047098459676,0.5568822026252747,0.02903833614848245,16.27005130272173,0.25693387498519815,,0.03742262307473103,0.34337469718552116,30.0,subtract,,,,,,,,,,,,,,,
gaussian_background,gaussian_background__v4__hm_1,"Aufnahme-01_0,5Mio_nach_24h.jpg",4.313636381258349,0.33536047098459676,0.5568822026252747,0.02903833614848245,16.27005130272173,0.25693387498519815,,0.03742262307473103,0.34337469718552116,40.0,subtract,,,,,,,,,,,,,,,
morphological_opening,morphological_opening__v1__hm_1,"Aufnahme-01_0,5Mio_nach_24h.jpg",2.234097123079164,0.30251983864582144,0.6161119341850281,0.026610281244994063,25.081419280377066,0.5272912628264125,,0.028496055000412853,0.38784490539959554,,subtract,15.0,,,,,,,,,,,,,,
morphological_opening,morphological_opening__v2__hm_1,"Aufnahme-01_0,5Mio_nach_24h.jpg",2.234097123079164,0.30251983864582144,0.6161119341850281,0.026610281244994063,25.081419280377066,0.5272912628264125,,0.028496055000412853,0.38784490539959554,,subtract,25.0,,,,,,,,,,,,,,
morphological_opening,morphological_opening__v3__hm_1,"Aufnahme-01_0,5Mio_nach_24h.jpg",2.234097123079164,0.30251983864582144,0.6161119341850281,0.026610281244994063,25.081419280377066,0.5272912628264125,,0.028496055000412853,0.38784490539959554,,subtract,35.0,,,,,,,,,,,,,,
morphological_opening,morphological_opening__v4__hm_1,"Aufnahme-01_0,5Mio_nach_24h.jpg",2.234097123079164,0.30251983864582144,0.6161119341850281,0.026610281244994063,25.081419280377066,0.5272912628264125,,0.028496055000412853,0.38784490539959554,,subtract,50.0,,,,,,,,,,,,,,
rolling_ball,rolling_ball__v1__hm_0,"Aufnahme-01_0,5Mio_nach_24h.jpg",2.5040597580176485,0.2671288824349176,0.7052506804466248,0.1763943661970068,8.068442122550126,3.015040414283398,,0.023301136198933137,0.41005713443295033,,subtract,50.0,,,,,,,,,,,,,,
rolling_ball,rolling_ball__v2__hm_1,"Aufnahme-01_0,5Mio_nach_24h.jpg",5.011916557887809,0.3493397941929288,0.4360346496105194,0.011334388827967126,17.004956675420416,0.26894621038914385,,0.03337562722611013,0.3206505317311802,,subtract,50.0,,,,,,,,,,,,,,
rolling_ball,rolling_ball__v3__hm_0,"Aufnahme-01_0,5Mio_nach_24h.jpg",2.5040597580176485,0.2671288824349176,0.7052506804466248,0.1763943661970068,8.068442122550126,3.015040414283398,,0.023301136198933137,0.41005713443295033,,subtract,75.0,,,,,,,,,,,,,,
rolling_ball,rolling_ball__v4__hm_1,"Aufnahme-01_0,5Mio_nach_24h.jpg",5.011916557887809,0.3493397941929288,0.4360346496105194,0.011334388827967126,17.004956675420416,0.26894621038914385,,0.03337562722611013,0.3206505317311802,,subtract,75.0,,,,,,,,,,,,,,
rolling_ball,rolling_ball__v5__hm_0,"Aufnahme-01_0,5Mio_nach_24h.jpg",2.5040597580176485,0.2671288824349176,0.7052506804466248,0.1763943661970068,8.068442122550126,3.015040414283398,,0.023301136198933137,0.41005713443295033,,subtract,100.0,,,,,,,,,,,,,,
rolling_ball,rolling_ball__v6__hm_1,"Aufnahme-01_0,5Mio_nach_24h.jpg",5.011916557887809,0.3493397941929288,0.4360346496105194,0.011334388827967126,17.004956675420416,0.26894621038914385,,0.03337562722611013,0.3206505317311802,,subtract,100.0,,,,,,,,,,,,,,
rolling_ball,rolling_ball__v7__hm_0,"Aufnahme-01_0,5Mio_nach_24h.jpg",2.5040597580176485,0.2671288824349176,0.7052506804466248,0.1763943661970068,8.068442122550126,3.015040414283398,,0.023301136198933137,0.41005713443295033,,subtract,125.0,,,,,,,,,,,,,,
rolling_ball,rolling_ball__v8__hm_1,"Aufnahme-01_0,5Mio_nach_24h.jpg",5.011916557887809,0.3493397941929288,0.4360346496105194,0.011334388827967126,17.004956675420416,0.26894621038914385,,0.03337562722611013,0.3206505317311802,,subtract,125.0,,,,,,,,,,,,,,
rolling_ball,rolling_ball__v9__hm_0,"Aufnahme-01_0,5Mio_nach_24h.jpg",2.5040597580176485,0.2671288824349176,0.7052506804466248,0.1763943661970068,8.068442122550126,3.015040414283398,,0.023301136198933137,0.41005713443295033,,subtract,150.0,,,,,,,,,,,,,,
rolling_ball,rolling_ball__v10__hm_1,"Aufnahme-01_0,5Mio_nach_24h.jpg",5.011916557887809,0.3493397941929288,0.4360346496105194,0.011334388827967126,17.004956675420416,0.26894621038914385,,0.03337562722611013,0.3206505317311802,,subtract,150.0,,,,,,,,,,,,,,
polynomial_fit,polynomial_fit__v1__hm_1,"Aufnahme-01_0,5Mio_nach_24h.jpg",3.86932041427884,0.3094036689144559,0.5831024050712585,0.03273230963119991,14.123673867757482,0.30227827714392835,,0.031410163062401006,0.3530529036686272,,subtract,,2.0,True,2.5,5.0,,,,,,,,,,
polynomial_fit,polynomial_fit__v2__hm_1,"Aufnahme-01_0,5Mio_nach_24h.jpg",3.86932041427884,0.3094036689144559,0.5831024050712585,0.03273230963119991,14.123673867757482,0.30227827714392835,,0.031410163062401006,0.3530529036686272,,subtract,,3.0,True,2.5,5.0,,,,,,,,,,
basicpy,basicpy__v1__hm_0,"Aufnahme-01_0,5Mio_nach_24h.jpg",1.850885634930686,0.24770483386237174,0.7184375524520874,0.04404608160920524,10.753267041429728,2.2002168789159056,,0.02965216579374982,0.41569785190984043,,,,,,,,approximate,False,0.5,0.1,True,10.0,250.0,8.0,5.0,.basicpy_models
basicpy,basicpy__v2__hm_1,"Aufnahme-01_0,5Mio_nach_24h.jpg",4.313638465070219,0.33536046725930646,0.5550066232681274,0.02908121886220383,15.926992295246295,0.25705402140874356,,0.037141375411706666,0.34318699914077005,,,,,,,,approximate,False,0.5,0.1,True,10.0,250.0,8.0,5.0,.basicpy_models
basicpy,basicpy__v3__hm_0,"Aufnahme-01_0,5Mio_nach_24h.jpg",1.850885634930686,0.24770483386237174,0.7184375524520874,0.04404608160920524,10.753267041429728,2.2002168789159056,,0.02965216579374982,0.41569785190984043,,,,,,,,approximate,False,1.0,0.1,True,10.0,250.0,8.0,5.0,.basicpy_models
basicpy,basicpy__v4__hm_1,"Aufnahme-01_0,5Mio_nach_24h.jpg",4.313638465070219,0.33536046725930646,0.5550066232681274,0.02908121886220383,15.926992295246295,0.25705402140874356,,0.037141375411706666,0.34318699914077005,,,,,,,,approximate,False,1.0,0.1,True,10.0,250.0,8.0,5.0,.basicpy_models
basicpy,basicpy__v5__hm_0,"Aufnahme-01_0,5Mio_nach_24h.jpg",1.850885634930686,0.24770483386237174,0.7184375524520874,0.04404608160920524,10.753267041429728,2.2002168789159056,,0.02965216579374982,0.41569785190984043,,,,,,,,approximate,False,2.0,0.1,True,10.0,250.0,8.0,5.0,.basicpy_models
basicpy,basicpy__v6__hm_1,"Aufnahme-01_0,5Mio_nach_24h.jpg",4.313638465070219,0.33536046725930646,0.5550066232681274,0.02908121886220383,15.926992295246295,0.25705402140874356,,0.037141375411706666,0.34318699914077005,,,,,,,,approximate,False,2.0,0.1,True,10.0,250.0,8.0,5.0,.basicpy_models
basicpy,basicpy__v7__hm_0,"Aufnahme-01_0,5Mio_nach_24h.jpg",1.850885634930686,0.24770483386237174,0.7184375524520874,0.04404608160920524,10.753267041429728,2.2002168789159056,,0.02965216579374982,0.41569785190984043,,,,,,,,approximate,True,0.5,0.1,True,10.0,250.0,8.0,5.0,.basicpy_models
basicpy,basicpy__v8__hm_1,"Aufnahme-01_0,5Mio_nach_24h.jpg",4.313638465070219,0.33536046725930646,0.5550066232681274,0.02908121886220383,15.926992295246295,0.25705402140874356,,0.037141375411706666,0.34318699914077005,,,,,,,,approximate,True,0.5,0.1,True,10.0,250.0,8.0,5.0,.basicpy_models
basicpy,basicpy__v9__hm_0,"Aufnahme-01_0,5Mio_nach_24h.jpg",1.850885634930686,0.24770483386237174,0.7184375524520874,0.04404608160920524,10.753267041429728,2.2002168789159056,,0.02965216579374982,0.41569785190984043,,,,,,,,approximate,True,1.0,0.1,True,10.0,250.0,8.0,5.0,.basicpy_models
basicpy,basicpy__v10__hm_1,"Aufnahme-01_0,5Mio_nach_24h.jpg",4.313638465070219,0.33536046725930646,0.5550066232681274,0.02908121886220383,15.926992295246295,0.25705402140874356,,0.037141375411706666,0.34318699914077005,,,,,,,,approximate,True,1.0,0.1,True,10.0,250.0,8.0,5.0,.basicpy_models
basicpy,basicpy__v11__hm_0,"Aufnahme-01_0,5Mio_nach_24h.jpg",1.850885634930686,0.24770483386237174,0.7184375524520874,0.04404608160920524,10.753267041429728,2.2002168789159056,,0.02965216579374982,0.41569785190984043,,,,,,,,approximate,True,2.0,0.1,True,10.0,250.0,8.0,5.0,.basicpy_models
basicpy,basicpy__v12__hm_1,"Aufnahme-01_0,5Mio_nach_24h.jpg",4.313638465070219,0.33536046725930646,0.5550066232681274,0.02908121886220383,15.926992295246295,0.25705402140874356,,0.037141375411706666,0.34318699914077005,,,,,,,,approximate,True,2.0,0.1,True,10.0,250.0,8.0,5.0,.basicpy_models
basicpy,basicpy__v13__hm_0,"Aufnahme-01_0,5Mio_nach_24h.jpg",1.850885634930686,0.24770483386237174,0.7184375524520874,0.04404608160920524,10.753267041429728,2.2002168789159056,,0.02965216579374982,0.41569785190984043,,,,,,,,ladmap,False,0.5,0.1,True,10.0,250.0,8.0,5.0,.basicpy_models
basicpy,basicpy__v14__hm_1,"Aufnahme-01_0,5Mio_nach_24h.jpg",4.313638465070219,0.33536046725930646,0.5550066232681274,0.02908121886220383,15.926992295246295,0.25705402140874356,,0.037141375411706666,0.34318699914077005,,,,,,,,ladmap,False,0.5,0.1,True,10.0,250.0,8.0,5.0,.basicpy_models
basicpy,basicpy__v15__hm_0,"Aufnahme-01_0,5Mio_nach_24h.jpg",1.850885634930686,0.24770483386237174,0.7184375524520874,0.04404608160920524,10.753267041429728,2.2002168789159056,,0.02965216579374982,0.41569785190984043,,,,,,,,ladmap,False,1.0,0.1,True,10.0,250.0,8.0,5.0,.basicpy_models
basicpy,basicpy__v16__hm_1,"Aufnahme-01_0,5Mio_nach_24h.jpg",4.313638465070219,0.33536046725930646,0.5550066232681274,0.02908121886220383,15.926992295246295,0.25705402140874356,,0.037141375411706666,0.34318699914077005,,,,,,,,ladmap,False,1.0,0.1,True,10.0,250.0,8.0,5.0,.basicpy_models
basicpy,basicpy__v17__hm_0,"Aufnahme-01_0,5Mio_nach_24h.jpg",1.850885634930686,0.24770483386237174,0.7184375524520874,0.04404608160920524,10.753267041429728,2.2002168789159056,,0.02965216579374982,0.41569785190984043,,,,,,,,ladmap,False,2.0,0.1,True,10.0,250.0,8.0,5.0,.basicpy_models
basicpy,basicpy__v18__hm_1,"Aufnahme-01_0,5Mio_nach_24h.jpg",4.313638465070219,0.33536046725930646,0.5550066232681274,0.02908121886220383,15.926992295246295,0.25705402140874356,,0.037141375411706666,0.34318699914077005,,,,,,,,ladmap,False,2.0,0.1,True,10.0,250.0,8.0,5.0,.basicpy_models
basicpy,basicpy__v19__hm_0,"Aufnahme-01_0,5Mio_nach_24h.jpg",1.850885634930686,0.24770483386237174,0.7184375524520874,0.04404608160920524,10.753267041429728,2.2002168789159056,,0.02965216579374982,0.41569785190984043,,,,,,,,ladmap,True,0.5,0.1,True,10.0,250.0,8.0,5.0,.basicpy_models
basicpy,basicpy__v20__hm_1,"Aufnahme-01_0,5Mio_nach_24h.jpg",4.313638465070219,0.33536046725930646,0.5550066232681274,0.02908121886220383,15.926992295246295,0.25705402140874356,,0.037141375411706666,0.34318699914077005,,,,,,,,ladmap,True,0.5,0.1,True,10.0,250.0,8.0,5.0,.basicpy_models
basicpy,basicpy__v21__hm_0,"Aufnahme-01_0,5Mio_nach_24h.jpg",1.850885634930686,0.24770483386237174,0.7184375524520874,0.04404608160920524,10.753267041429728,2.2002168789159056,,0.02965216579374982,0.41569785190984043,,,,,,,,ladmap,True,1.0,0.1,True,10.0,250.0,8.0,5.0,.basicpy_models
basicpy,basicpy__v22__hm_1,"Aufnahme-01_0,5Mio_nach_24h.jpg",4.313638465070219,0.33536046725930646,0.5550066232681274,0.02908121886220383,15.926992295246295,0.25705402140874356,,0.037141375411706666,0.34318699914077005,,,,,,,,ladmap,True,1.0,0.1,True,10.0,250.0,8.0,5.0,.basicpy_models
basicpy,basicpy__v23__hm_0,"Aufnahme-01_0,5Mio_nach_24h.jpg",1.850885634930686,0.24770483386237174,0.7184375524520874,0.04404608160920524,10.753267041429728,2.2002168789159056,,0.02965216579374982,0.41569785190984043,,,,,,,,ladmap,True,2.0,0.1,True,10.0,250.0,8.0,5.0,.basicpy_models
basicpy,basicpy__v24__hm_1,"Aufnahme-01_0,5Mio_nach_24h.jpg",4.313638465070219,0.33536046725930646,0.5550066232681274,0.02908121886220383,15.926992295246295,0.25705402140874356,,0.037141375411706666,0.34318699914077005,,,,,,,,ladmap,True,2.0,0.1,True,10.0,250.0,8.0,5.0,.basicpy_models
gaussian_background,gaussian_background__v1__hm_1,Aufnahme-01_2Mio_nach_24h.jpg,4.313639518005274,0.3353603704017587,0.6046710014343262,0.0841955672158754,8.171971439131395,0.25718418850248254,,0.036133956171283114,0.35550492019838353,10.0,subtract,,,,,,,,,,,,,,,
gaussian_background,gaussian_background__v2__hm_1,Aufnahme-01_2Mio_nach_24h.jpg,4.313639518005274,0.3353603704017587,0.6046710014343262,0.0841955672158754,8.171971439131395,0.25718418850248254,,0.036133956171283114,0.35550492019838353,20.0,subtract,,,,,,,,,,,,,,,
gaussian_background,gaussian_background__v3__hm_1,Aufnahme-01_2Mio_nach_24h.jpg,4.313639518005274,0.3353603704017587,0.6046710014343262,0.0841955672158754,8.171971439131395,0.25718418850248254,,0.036133956171283114,0.35550492019838353,30.0,subtract,,,,,,,,,,,,,,,
gaussian_background,gaussian_background__v4__hm_1,Aufnahme-01_2Mio_nach_24h.jpg,4.313639518005274,0.3353603704017587,0.6046710014343262,0.0841955672158754,8.171971439131395,0.25718418850248254,,0.036133956171283114,0.35550492019838353,40.0,subtract,,,,,,,,,,,,,,,
morphological_opening,morphological_opening__v1__hm_1,Aufnahme-01_2Mio_nach_24h.jpg,2.379953547369154,0.29306351649574935,0.6867066621780396,0.08148826369226735,11.983073289091902,0.5282210402548857,,0.03133638429921707,0.3985404938715164,,subtract,15.0,,,,,,,,,,,,,,
morphological_opening,morphological_opening__v2__hm_1,Aufnahme-01_2Mio_nach_24h.jpg,2.379953547369154,0.29306351649574935,0.6867066621780396,0.08148826369226735,11.983073289091902,0.5282210402548857,,0.03133638429921707,0.3985404938715164,,subtract,25.0,,,,,,,,,,,,,,
morphological_opening,morphological_opening__v3__hm_1,Aufnahme-01_2Mio_nach_24h.jpg,2.379953547369154,0.29306351649574935,0.6867066621780396,0.08148826369226735,11.983073289091902,0.5282210402548857,,0.03133638429921707,0.3985404938715164,,subtract,35.0,,,,,,,,,,,,,,
morphological_opening,morphological_opening__v4__hm_1,Aufnahme-01_2Mio_nach_24h.jpg,2.379953547369154,0.29306351649574935,0.6867066621780396,0.08148826369226735,11.983073289091902,0.5282210402548857,,0.03133638429921707,0.3985404938715164,,subtract,50.0,,,,,,,,,,,,,,
rolling_ball,rolling_ball__v1__hm_0,Aufnahme-01_2Mio_nach_24h.jpg,1.8202527353751754,0.2529454930918291,0.8120182752609253,0.2620633631191764,5.57450130203982,2.267093462400729,,0.02307245014365126,0.45360884928403844,,subtract,50.0,,,,,,,,,,,,,,
rolling_ball,rolling_ball__v2__hm_1,Aufnahme-01_2Mio_nach_24h.jpg,2.530098663409991,0.2802598996204324,0.48462432622909546,0.054811307829243865,10.523739830756778,0.38842941688142085,,0.029320191891946096,0.368607195872175,,subtract,50.0,,,,,,,,,,,,,,
rolling_ball,rolling_ball__v3__hm_0,Aufnahme-01_2Mio_nach_24h.jpg,1.8202527353751754,0.2529454930918291,0.8120182752609253,0.2620633631191764,5.57450130203982,2.267093462400729,,0.02307245014365126,0.45360884928403844,,subtract,75.0,,,,,,,,,,,,,,
rolling_ball,rolling_ball__v4__hm_1,Aufnahme-01_2Mio_nach_24h.jpg,2.530098663409991,0.2802598996204324,0.48462432622909546,0.054811307829243865,10.523739830756778,0.38842941688142085,,0.029320191891946096,0.368607195872175,,subtract,75.0,,,,,,,,,,,,,,
rolling_ball,rolling_ball__v5__hm_0,Aufnahme-01_2Mio_nach_24h.jpg,1.8202527353751754,0.2529454930918291,0.8120182752609253,0.2620633631191764,5.57450130203982,2.267093462400729,,0.02307245014365126,0.45360884928403844,,subtract,100.0,,,,,,,,,,,,,,
rolling_ball,rolling_ball__v6__hm_1,Aufnahme-01_2Mio_nach_24h.jpg,2.530098663409991,0.2802598996204324,0.48462432622909546,0.054811307829243865,10.523739830756778,0.38842941688142085,,0.029320191891946096,0.368607195872175,,subtract,100.0,,,,,,,,,,,,,,
rolling_ball,rolling_ball__v7__hm_0,Aufnahme-01_2Mio_nach_24h.jpg,1.8202527353751754,0.2529454930918291,0.8120182752609253,0.2620633631191764,5.57450130203982,2.267093462400729,,0.02307245014365126,0.45360884928403844,,subtract,125.0,,,,,,,,,,,,,,
rolling_ball,rolling_ball__v8__hm_1,Aufnahme-01_2Mio_nach_24h.jpg,2.530098663409991,0.2802598996204324,0.48462432622909546,0.054811307829243865,10.523739830756778,0.38842941688142085,,0.029320191891946096,0.368607195872175,,subtract,125.0,,,,,,,,,,,,,,
rolling_ball,rolling_ball__v9__hm_0,Aufnahme-01_2Mio_nach_24h.jpg,1.8202527353751754,0.2529454930918291,0.8120182752609253,0.2620633631191764,5.57450130203982,2.267093462400729,,0.02307245014365126,0.45360884928403844,,subtract,150.0,,,,,,,,,,,,,,
rolling_ball,rolling_ball__v10__hm_1,Aufnahme-01_2Mio_nach_24h.jpg,2.530098663409991,0.2802598996204324,0.48462432622909546,0.054811307829243865,10.523739830756778,0.38842941688142085,,0.029320191891946096,0.368607195872175,,subtract,150.0,,,,,,,,,,,,,,
polynomial_fit,polynomial_fit__v1__hm_1,Aufnahme-01_2Mio_nach_24h.jpg,3.459227541577166,0.292700856749434,0.6357638239860535,0.08851203050423176,8.10007426953759,0.33628309346411994,,0.029335276744648774,0.3719699004560335,,subtract,,2.0,True,2.5,5.0,,,,,,,,,,
polynomial_fit,polynomial_fit__v2__hm_1,Aufnahme-01_2Mio_nach_24h.jpg,3.459227541577166,0.292700856749434,0.6357638239860535,0.08851203050423176,8.10007426953759,0.33628309346411994,,0.029335276744648774,0.3719699004560335,,subtract,,3.0,True,2.5,5.0,,,,,,,,,,
basicpy,basicpy__v1__hm_0,Aufnahme-01_2Mio_nach_24h.jpg,1.7577857423199001,0.25012356706429273,0.7310346364974976,0.13595085733424161,6.814882615835413,2.166265657762944,,0.025920059482856306,0.43164834704717886,,,,,,,,approximate,False,0.5,0.1,True,10.0,250.0,8.0,5.0,.basicpy_models
basicpy,basicpy__v2__hm_1,Aufnahme-01_2Mio_nach_24h.jpg,4.2620224250948695,0.33146848884643987,0.6005354523658752,0.08405358806812092,8.061335805764285,0.26160073867262396,,0.03555880826605994,0.3556743389256405,,,,,,,,approximate,False,0.5,0.1,True,10.0,250.0,8.0,5.0,.basicpy_models
basicpy,basicpy__v3__hm_0,Aufnahme-01_2Mio_nach_24h.jpg,1.7577857423199001,0.25012356706429273,0.7310346364974976,0.13595085733424161,6.814882615835413,2.166265657762944,,0.025920059482856306,0.43164834704717886,,,,,,,,approximate,False,1.0,0.1,True,10.0,250.0,8.0,5.0,.basicpy_models
basicpy,basicpy__v4__hm_1,Aufnahme-01_2Mio_nach_24h.jpg,4.2620224250948695,0.33146848884643987,0.6005354523658752,0.08405358806812092,8.061335805764285,0.26160073867262396,,0.03555880826605994,0.3556743389256405,,,,,,,,approximate,False,1.0,0.1,True,10.0,250.0,8.0,5.0,.basicpy_models
basicpy,basicpy__v5__hm_0,Aufnahme-01_2Mio_nach_24h.jpg,1.7577857423199001,0.25012356706429273,0.7310346364974976,0.13595085733424161,6.814882615835413,2.166265657762944,,0.025920059482856306,0.43164834704717886,,,,,,,,approximate,False,2.0,0.1,True,10.0,250.0,8.0,5.0,.basicpy_models
basicpy,basicpy__v6__hm_1,Aufnahme-01_2Mio_nach_24h.jpg,4.2620224250948695,0.33146848884643987,0.6005354523658752,0.08405358806812092,8.061335805764285,0.26160073867262396,,0.03555880826605994,0.3556743389256405,,,,,,,,approximate,False,2.0,0.1,True,10.0,250.0,8.0,5.0,.basicpy_models
basicpy,basicpy__v7__hm_0,Aufnahme-01_2Mio_nach_24h.jpg,1.7577857423199001,0.25012356706429273,0.7310346364974976,0.13595085733424161,6.814882615835413,2.166265657762944,,0.025920059482856306,0.43164834704717886,,,,,,,,approximate,True,0.5,0.1,True,10.0,250.0,8.0,5.0,.basicpy_models
basicpy,basicpy__v8__hm_1,Aufnahme-01_2Mio_nach_24h.jpg,4.2620224250948695,0.33146848884643987,0.6005354523658752,0.08405358806812092,8.061335805764285,0.26160073867262396,,0.03555880826605994,0.3556743389256405,,,,,,,,approximate,True,0.5,0.1,True,10.0,250.0,8.0,5.0,.basicpy_models
basicpy,basicpy__v9__hm_0,Aufnahme-01_2Mio_nach_24h.jpg,1.7577857423199001,0.25012356706429273,0.7310346364974976,0.13595085733424161,6.814882615835413,2.166265657762944,,0.025920059482856306,0.43164834704717886,,,,,,,,approximate,True,1.0,0.1,True,10.0,250.0,8.0,5.0,.basicpy_models
basicpy,basicpy__v10__hm_1,Aufnahme-01_2Mio_nach_24h.jpg,4.2620224250948695,0.33146848884643987,0.6005354523658752,0.08405358806812092,8.061335805764285,0.26160073867262396,,0.03555880826605994,0.3556743389256405,,,,,,,,approximate,True,1.0,0.1,True,10.0,250.0,8.0,5.0,.basicpy_models
basicpy,basicpy__v11__hm_0,Aufnahme-01_2Mio_nach_24h.jpg,1.7577857423199001,0.25012356706429273,0.7310346364974976,0.13595085733424161,6.814882615835413,2.166265657762944,,0.025920059482856306,0.43164834704717886,,,,,,,,approximate,True,2.0,0.1,True,10.0,250.0,8.0,5.0,.basicpy_models
basicpy,basicpy__v12__hm_1,Aufnahme-01_2Mio_nach_24h.jpg,4.2620224250948695,0.33146848884643987,0.6005354523658752,0.08405358806812092,8.061335805764285,0.26160073867262396,,0.03555880826605994,0.3556743389256405,,,,,,,,approximate,True,2.0,0.1,True,10.0,250.0,8.0,5.0,.basicpy_models
basicpy,basicpy__v13__hm_0,Aufnahme-01_2Mio_nach_24h.jpg,1.7577857423199001,0.25012356706429273,0.7310346364974976,0.13595085733424161,6.814882615835413,2.166265657762944,,0.025920059482856306,0.43164834704717886,,,,,,,,ladmap,False,0.5,0.1,True,10.0,250.0,8.0,5.0,.basicpy_models
basicpy,basicpy__v14__hm_1,Aufnahme-01_2Mio_nach_24h.jpg,4.2620224250948695,0.33146848884643987,0.6005354523658752,0.08405358806812092,8.061335805764285,0.26160073867262396,,0.03555880826605994,0.3556743389256405,,,,,,,,ladmap,False,0.5,0.1,True,10.0,250.0,8.0,5.0,.basicpy_models
basicpy,basicpy__v15__hm_0,Aufnahme-01_2Mio_nach_24h.jpg,1.7577857423199001,0.25012356706429273,0.7310346364974976,0.13595085733424161,6.814882615835413,2.166265657762944,,0.025920059482856306,0.43164834704717886,,,,,,,,ladmap,False,1.0,0.1,True,10.0,250.0,8.0,5.0,.basicpy_models
basicpy,basicpy__v16__hm_1,Aufnahme-01_2Mio_nach_24h.jpg,4.2620224250948695,0.33146848884643987,0.6005354523658752,0.08405358806812092,8.061335805764285,0.26160073867262396,,0.03555880826605994,0.3556743389256405,,,,,,,,ladmap,False,1.0,0.1,True,10.0,250.0,8.0,5.0,.basicpy_models
basicpy,basicpy__v17__hm_0,Aufnahme-01_2Mio_nach_24h.jpg,1.7577857423199001,0.25012356706429273,0.7310346364974976,0.13595085733424161,6.814882615835413,2.166265657762944,,0.025920059482856306,0.43164834704717886,,,,,,,,ladmap,False,2.0,0.1,True,10.0,250.0,8.0,5.0,.basicpy_models
basicpy,basicpy__v18__hm_1,Aufnahme-01_2Mio_nach_24h.jpg,4.2620224250948695,0.33146848884643987,0.6005354523658752,0.08405358806812092,8.061335805764285,0.26160073867262396,,0.03555880826605994,0.3556743389256405,,,,,,,,ladmap,False,2.0,0.1,True,10.0,250.0,8.0,5.0,.basicpy_models
basicpy,basicpy__v19__hm_0,Aufnahme-01_2Mio_nach_24h.jpg,1.7577857423199001,0.25012356706429273,0.7310346364974976,0.13595085733424161,6.814882615835413,2.166265657762944,,0.025920059482856306,0.43164834704717886,,,,,,,,ladmap,True,0.5,0.1,True,10.0,250.0,8.0,5.0,.basicpy_models
basicpy,basicpy__v20__hm_1,Aufnahme-01_2Mio_nach_24h.jpg,4.2620224250948695,0.33146848884643987,0.6005354523658752,0.08405358806812092,8.061335805764285,0.26160073867262396,,0.03555880826605994,0.3556743389256405,,,,,,,,ladmap,True,0.5,0.1,True,10.0,250.0,8.0,5.0,.basicpy_models
basicpy,basicpy__v21__hm_0,Aufnahme-01_2Mio_nach_24h.jpg,1.7577857423199001,0.25012356706429273,0.7310346364974976,0.13595085733424161,6.814882615835413,2.166265657762944,,0.025920059482856306,0.43164834704717886,,,,,,,,ladmap,True,1.0,0.1,True,10.0,250.0,8.0,5.0,.basicpy_models
basicpy,basicpy__v22__hm_1,Aufnahme-01_2Mio_nach_24h.jpg,4.2620224250948695,0.33146848884643987,0.6005354523658752,0.08405358806812092,8.061335805764285,0.26160073867262396,,0.03555880826605994,0.3556743389256405,,,,,,,,ladmap,True,1.0,0.1,True,10.0,250.0,8.0,5.0,.basicpy_models
basicpy,basicpy__v23__hm_0,Aufnahme-01_2Mio_nach_24h.jpg,1.7577857423199001,0.25012356706429273,0.7310346364974976,0.13595085733424161,6.814882615835413,2.166265657762944,,0.025920059482856306,0.43164834704717886,,,,,,,,ladmap,True,2.0,0.1,True,10.0,250.0,8.0,5.0,.basicpy_models
basicpy,basicpy__v24__hm_1,Aufnahme-01_2Mio_nach_24h.jpg,4.2620224250948695,0.33146848884643987,0.6005354523658752,0.08405358806812092,8.061335805764285,0.26160073867262396,,0.03555880826605994,0.3556743389256405,,,,,,,,ladmap,True,2.0,0.1,True,10.0,250.0,8.0,5.0,.basicpy_models
gaussian_background,gaussian_background__v1__hm_1,"Aufnahme-02_0,5Mio_nach_24h.jpg",4.313637724156036,0.33536045980872586,0.5895750522613525,0.035906536527612824,14.430642645169282,0.25500882103496547,,0.040007755971347536,0.3477505363355727,10.0,subtract,,,,,,,,,,,,,,,
gaussian_background,gaussian_background__v2__hm_1,"Aufnahme-02_0,5Mio_nach_24h.jpg",4.313637724156036,0.33536045980872586,0.5895750522613525,0.035906536527612824,14.430642645169282,0.25500882103496547,,0.040007755971347536,0.3477505363355727,20.0,subtract,,,,,,,,,,,,,,,
gaussian_background,gaussian_background__v3__hm_1,"Aufnahme-02_0,5Mio_nach_24h.jpg",4.313637724156036,0.33536045980872586,0.5895750522613525,0.035906536527612824,14.430642645169282,0.25500882103496547,,0.040007755971347536,0.3477505363355727,30.0,subtract,,,,,,,,,,,,,,,
gaussian_background,gaussian_background__v4__hm_1,"Aufnahme-02_0,5Mio_nach_24h.jpg",4.313637724156036,0.33536045980872586,0.5895750522613525,0.035906536527612824,14.430642645169282,0.25500882103496547,,0.040007755971347536,0.3477505363355727,40.0,subtract,,,,,,,,,,,,,,,
morphological_opening,morphological_opening__v1__hm_1,"Aufnahme-02_0,5Mio_nach_24h.jpg",1.9761014195322644,0.3014169180241879,0.6483431458473206,0.030480874268567177,21.773204867186678,0.5240205116594161,,0.032632166159520325,0.39949081993357605,,subtract,15.0,,,,,,,,,,,,,,
morphological_opening,morphological_opening__v2__hm_1,"Aufnahme-02_0,5Mio_nach_24h.jpg",1.9761014195322644,0.3014169180241879,0.6483431458473206,0.030480874268567177,21.773204867186678,0.5240205116594161,,0.032632166159520325,0.39949081993357605,,subtract,25.0,,,,,,,,,,,,,,
morphological_opening,morphological_opening__v3__hm_1,"Aufnahme-02_0,5Mio_nach_24h.jpg",1.9761014195322644,0.3014169180241879,0.6483431458473206,0.030480874268567177,21.773204867186678,0.5240205116594161,,0.032632166159520325,0.39949081993357605,,subtract,35.0,,,,,,,,,,,,,,
morphological_opening,morphological_opening__v4__hm_1,"Aufnahme-02_0,5Mio_nach_24h.jpg",1.9761014195322644,0.3014169180241879,0.6483431458473206,0.030480874268567177,21.773204867186678,0.5240205116594161,,0.032632166159520325,0.39949081993357605,,subtract,50.0,,,,,,,,,,,,,,
rolling_ball,rolling_ball__v1__hm_0,"Aufnahme-02_0,5Mio_nach_24h.jpg",2.35483243871751,0.2635789887281135,0.7455817461013794,0.18033046986541615,8.269469329570137,2.743682689920705,,0.027066776645957948,0.4187819412492975,,subtract,50.0,,,,,,,,,,,,,,
rolling_ball,rolling_ball__v2__hm_1,"Aufnahme-02_0,5Mio_nach_24h.jpg",3.986830435637709,0.3120907580596395,0.45340126752853394,0.01855070703694092,17.949871552203575,0.3389809376170364,,0.030543448062709616,0.33481509128627984,,subtract,50.0,,,,,,,,,,,,,,
rolling_ball,rolling_ball__v3__hm_0,"Aufnahme-02_0,5Mio_nach_24h.jpg",2.35483243871751,0.2635789887281135,0.7455817461013794,0.18033046986541615,8.269469329570137,2.743682689920705,,0.027066776645957948,0.4187819412492975,,subtract,75.0,,,,,,,,,,,,,,
rolling_ball,rolling_ball__v4__hm_1,"Aufnahme-02_0,5Mio_nach_24h.jpg",3.986830435637709,0.3120907580596395,0.45340126752853394,0.01855070703694092,17.949871552203575,0.3389809376170364,,0.030543448062709616,0.33481509128627984,,subtract,75.0,,,,,,,,,,,,,,
rolling_ball,rolling_ball__v5__hm_0,"Aufnahme-02_0,5Mio_nach_24h.jpg",2.35483243871751,0.2635789887281135,0.7455817461013794,0.18033046986541615,8.269469329570137,2.743682689920705,,0.027066776645957948,0.4187819412492975,,subtract,100.0,,,,,,,,,,,,,,
rolling_ball,rolling_ball__v6__hm_1,"Aufnahme-02_0,5Mio_nach_24h.jpg",3.986830435637709,0.3120907580596395,0.45340126752853394,0.01855070703694092,17.949871552203575,0.3389809376170364,,0.030543448062709616,0.33481509128627984,,subtract,100.0,,,,,,,,,,,,,,
rolling_ball,rolling_ball__v7__hm_0,"Aufnahme-02_0,5Mio_nach_24h.jpg",2.35483243871751,0.2635789887281135,0.7455817461013794,0.18033046986541615,8.269469329570137,2.743682689920705,,0.027066776645957948,0.4187819412492975,,subtract,125.0,,,,,,,,,,,,,,
rolling_ball,rolling_ball__v8__hm_1,"Aufnahme-02_0,5Mio_nach_24h.jpg",3.986830435637709,0.3120907580596395,0.45340126752853394,0.01855070703694092,17.949871552203575,0.3389809376170364,,0.030543448062709616,0.33481509128627984,,subtract,125.0,,,,,,,,,,,,,,
rolling_ball,rolling_ball__v9__hm_0,"Aufnahme-02_0,5Mio_nach_24h.jpg",2.35483243871751,0.2635789887281135,0.7455817461013794,0.18033046986541615,8.269469329570137,2.743682689920705,,0.027066776645957948,0.4187819412492975,,subtract,150.0,,,,,,,,,,,,,,
rolling_ball,rolling_ball__v10__hm_1,"Aufnahme-02_0,5Mio_nach_24h.jpg",3.986830435637709,0.3120907580596395,0.45340126752853394,0.01855070703694092,17.949871552203575,0.3389809376170364,,0.030543448062709616,0.33481509128627984,,subtract,150.0,,,,,,,,,,,,,,
polynomial_fit,polynomial_fit__v1__hm_1,"Aufnahme-02_0,5Mio_nach_24h.jpg",3.910172441175907,0.31115814653458074,0.6134533286094666,0.039459344067007095,12.939552751442427,0.29740791359896945,,0.03541281932037108,0.3564523692033192,,subtract,,2.0,True,2.5,5.0,,,,,,,,,,
polynomial_fit,polynomial_fit__v2__hm_1,"Aufnahme-02_0,5Mio_nach_24h.jpg",3.910172441175907,0.31115814653458074,0.6134533286094666,0.039459344067007095,12.939552751442427,0.29740791359896945,,0.03541281932037108,0.3564523692033192,,subtract,,3.0,True,2.5,5.0,,,,,,,,,,
basicpy,basicpy__v1__hm_0,"Aufnahme-02_0,5Mio_nach_24h.jpg",1.7783110262189128,0.24497086566407233,0.745986819267273,0.05436849081606995,9.926142613931786,2.1303811360784337,,0.031477929919148585,0.42275795419843176,,,,,,,,approximate,False,0.5,0.1,True,10.0,250.0,8.0,5.0,.basicpy_models
basicpy,basicpy__v2__hm_1,"Aufnahme-02_0,5Mio_nach_24h.jpg",4.337546881334065,0.33732938003959134,0.5876932740211487,0.036043817575764345,14.056438675028817,0.253452375825617,,0.03949243228539395,0.3473121441658928,,,,,,,,approximate,False,0.5,0.1,True,10.0,250.0,8.0,5.0,.basicpy_models
basicpy,basicpy__v3__hm_0,"Aufnahme-02_0,5Mio_nach_24h.jpg",1.7783110262189128,0.24497086566407233,0.745986819267273,0.05436849081606995,9.926142613931786,2.1303811360784337,,0.031477929919148585,0.42275795419843176,,,,,,,,approximate,False,1.0,0.1,True,10.0,250.0,8.0,5.0,.basicpy_models
basicpy,basicpy__v4__hm_1,"Aufnahme-02_0,5Mio_nach_24h.jpg",4.337546881334065,0.33732938003959134,0.5876932740211487,0.036043817575764345,14.056438675028817,0.253452375825617,,0.03949243228539395,0.3473121441658928,,,,,,,,approximate,False,1.0,0.1,True,10.0,250.0,8.0,5.0,.basicpy_models
basicpy,basicpy__v5__hm_0,"Aufnahme-02_0,5Mio_nach_24h.jpg",1.7783110262189128,0.24497086566407233,0.745986819267273,0.05436849081606995,9.926142613931786,2.1303811360784337,,0.031477929919148585,0.42275795419843176,,,,,,,,approximate,False,2.0,0.1,True,10.0,250.0,8.0,5.0,.basicpy_models
basicpy,basicpy__v6__hm_1,"Aufnahme-02_0,5Mio_nach_24h.jpg",4.337546881334065,0.33732938003959134,0.5876932740211487,0.036043817575764345,14.056438675028817,0.253452375825617,,0.03949243228539395,0.3473121441658928,,,,,,,,approximate,False,2.0,0.1,True,10.0,250.0,8.0,5.0,.basicpy_models
basicpy,basicpy__v7__hm_0,"Aufnahme-02_0,5Mio_nach_24h.jpg",1.7783110262189128,0.24497086566407233,0.745986819267273,0.05436849081606995,9.926142613931786,2.1303811360784337,,0.031477929919148585,0.42275795419843176,,,,,,,,approximate,True,0.5,0.1,True,10.0,250.0,8.0,5.0,.basicpy_models
basicpy,basicpy__v8__hm_1,"Aufnahme-02_0,5Mio_nach_24h.jpg",4.337546881334065,0.33732938003959134,0.5876932740211487,0.036043817575764345,14.056438675028817,0.253452375825617,,0.03949243228539395,0.3473121441658928,,,,,,,,approximate,True,0.5,0.1,True,10.0,250.0,8.0,5.0,.basicpy_models
basicpy,basicpy__v9__hm_0,"Aufnahme-02_0,5Mio_nach_24h.jpg",1.7783110262189128,0.24497086566407233,0.745986819267273,0.05436849081606995,9.926142613931786,2.1303811360784337,,0.031477929919148585,0.42275795419843176,,,,,,,,approximate,True,1.0,0.1,True,10.0,250.0,8.0,5.0,.basicpy_models
basicpy,basicpy__v10__hm_1,"Aufnahme-02_0,5Mio_nach_24h.jpg",4.337546881334065,0.33732938003959134,0.5876932740211487,0.036043817575764345,14.056438675028817,0.253452375825617,,0.03949243228539395,0.3473121441658928,,,,,,,,approximate,True,1.0,0.1,True,10.0,250.0,8.0,5.0,.basicpy_models
basicpy,basicpy__v11__hm_0,"Aufnahme-02_0,5Mio_nach_24h.jpg",1.7783110262189128,0.24497086566407233,0.745986819267273,0.05436849081606995,9.926142613931786,2.1303811360784337,,0.031477929919148585,0.42275795419843176,,,,,,,,approximate,True,2.0,0.1,True,10.0,250.0,8.0,5.0,.basicpy_models
basicpy,basicpy__v12__hm_1,"Aufnahme-02_0,5Mio_nach_24h.jpg",4.337546881334065,0.33732938003959134,0.5876932740211487,0.036043817575764345,14.056438675028817,0.253452375825617,,0.03949243228539395,0.3473121441658928,,,,,,,,approximate,True,2.0,0.1,True,10.0,250.0,8.0,5.0,.basicpy_models
basicpy,basicpy__v13__hm_0,"Aufnahme-02_0,5Mio_nach_24h.jpg",1.7783110262189128,0.24497086566407233,0.745986819267273,0.05436849081606995,9.926142613931786,2.1303811360784337,,0.031477929919148585,0.42275795419843176,,,,,,,,ladmap,False,0.5,0.1,True,10.0,250.0,8.0,5.0,.basicpy_models
basicpy,basicpy__v14__hm_1,"Aufnahme-02_0,5Mio_nach_24h.jpg",4.337546881334065,0.33732938003959134,0.5876932740211487,0.036043817575764345,14.056438675028817,0.253452375825617,,0.03949243228539395,0.3473121441658928,,,,,,,,ladmap,False,0.5,0.1,True,10.0,250.0,8.0,5.0,.basicpy_models
basicpy,basicpy__v15__hm_0,"Aufnahme-02_0,5Mio_nach_24h.jpg",1.7783110262189128,0.24497086566407233,0.745986819267273,0.05436849081606995,9.926142613931786,2.1303811360784337,,0.031477929919148585,0.42275795419843176,,,,,,,,ladmap,False,1.0,0.1,True,10.0,250.0,8.0,5.0,.basicpy_models
basicpy,basicpy__v16__hm_1,"Aufnahme-02_0,5Mio_nach_24h.jpg",4.337546881334065,0.33732938003959134,0.5876932740211487,0.036043817575764345,14.056438675028817,0.253452375825617,,0.03949243228539395,0.3473121441658928,,,,,,,,ladmap,False,1.0,0.1,True,10.0,250.0,8.0,5.0,.basicpy_models
basicpy,basicpy__v17__hm_0,"Aufnahme-02_0,5Mio_nach_24h.jpg",1.7783110262189128,0.24497086566407233,0.745986819267273,0.05436849081606995,9.926142613931786,2.1303811360784337,,0.031477929919148585,0.42275795419843176,,,,,,,,ladmap,False,2.0,0.1,True,10.0,250.0,8.0,5.0,.basicpy_models
basicpy,basicpy__v18__hm_1,"Aufnahme-02_0,5Mio_nach_24h.jpg",4.337546881334065,0.33732938003959134,0.5876932740211487,0.036043817575764345,14.056438675028817,0.253452375825617,,0.03949243228539395,0.3473121441658928,,,,,,,,ladmap,False,2.0,0.1,True,10.0,250.0,8.0,5.0,.basicpy_models
basicpy,basicpy__v19__hm_0,"Aufnahme-02_0,5Mio_nach_24h.jpg",1.7783110262189128,0.24497086566407233,0.745986819267273,0.05436849081606995,9.926142613931786,2.1303811360784337,,0.031477929919148585,0.42275795419843176,,,,,,,,ladmap,True,0.5,0.1,True,10.0,250.0,8.0,5.0,.basicpy_models
basicpy,basicpy__v20__hm_1,"Aufnahme-02_0,5Mio_nach_24h.jpg",4.337546881334065,0.33732938003959134,0.5876932740211487,0.036043817575764345,14.056438675028817,0.253452375825617,,0.03949243228539395,0.3473121441658928,,,,,,,,ladmap,True,0.5,0.1,True,10.0,250.0,8.0,5.0,.basicpy_models
basicpy,basicpy__v21__hm_0,"Aufnahme-02_0,5Mio_nach_24h.jpg",1.7783110262189128,0.24497086566407233,0.745986819267273,0.05436849081606995,9.926142613931786,2.1303811360784337,,0.031477929919148585,0.42275795419843176,,,,,,,,ladmap,True,1.0,0.1,True,10.0,250.0,8.0,5.0,.basicpy_models
basicpy,basicpy__v22__hm_1,"Aufnahme-02_0,5Mio_nach_24h.jpg",4.337546881334065,0.33732938003959134,0.5876932740211487,0.036043817575764345,14.056438675028817,0.253452375825617,,0.03949243228539395,0.3473121441658928,,,,,,,,ladmap,True,1.0,0.1,True,10.0,250.0,8.0,5.0,.basicpy_models
basicpy,basicpy__v23__hm_0,"Aufnahme-02_0,5Mio_nach_24h.jpg",1.7783110262189128,0.24497086566407233,0.745986819267273,0.05436849081606995,9.926142613931786,2.1303811360784337,,0.031477929919148585,0.42275795419843176,,,,,,,,ladmap,True,2.0,0.1,True,10.0,250.0,8.0,5.0,.basicpy_models
basicpy,basicpy__v24__hm_1,"Aufnahme-02_0,5Mio_nach_24h.jpg",4.337546881334065,0.33732938003959134,0.5876932740211487,0.036043817575764345,14.056438675028817,0.253452375825617,,0.03949243228539395,0.3473121441658928,,,,,,,,ladmap,True,2.0,0.1,True,10.0,250.0,8.0,5.0,.basicpy_models
gaussian_background,gaussian_background__v1__hm_1,Aufnahme-02_2Mio_nach_24h.jpg,4.337553480661361,0.3373292310279794,0.6158432364463806,0.11049626428729067,7.7822055816012545,0.25188434031391793,,0.035690401334130616,0.3596355093202145,10.0,subtract,,,,,,,,,,,,,,,
gaussian_background,gaussian_background__v2__hm_1,Aufnahme-02_2Mio_nach_24h.jpg,4.337553480661361,0.3373292310279794,0.6158432364463806,0.11049626428729067,7.7822055816012545,0.25188434031391793,,0.035690401334130616,0.3596355093202145,20.0,subtract,,,,,,,,,,,,,,,
gaussian_background,gaussian_background__v3__hm_1,Aufnahme-02_2Mio_nach_24h.jpg,4.337553480661361,0.3373292310279794,0.6158432364463806,0.11049626428729067,7.7822055816012545,0.25188434031391793,,0.035690401334130616,0.3596355093202145,30.0,subtract,,,,,,,,,,,,,,,
gaussian_background,gaussian_background__v4__hm_1,Aufnahme-02_2Mio_nach_24h.jpg,4.337553480661361,0.3373292310279794,0.6158432364463806,0.11049626428729067,7.7822055816012545,0.25188434031391793,,0.035690401334130616,0.3596355093202145,40.0,subtract,,,,,,,,,,,,,,,
morphological_opening,morphological_opening__v1__hm_1,Aufnahme-02_2Mio_nach_24h.jpg,2.4276623501427843,0.28962138551287353,0.6981011033058167,0.09413833800002573,10.8664633327999,0.5433801147488898,,0.02584232190577058,0.40073024081769243,,subtract,15.0,,,,,,,,,,,,,,
morphological_opening,morphological_opening__v2__hm_1,Aufnahme-02_2Mio_nach_24h.jpg,2.4276623501427843,0.28962138551287353,0.6981011033058167,0.09413833800002573,10.8664633327999,0.5433801147488898,,0.02584232190577058,0.40073024081769243,,subtract,25.0,,,,,,,,,,,,,,
morphological_opening,morphological_opening__v3__hm_1,Aufnahme-02_2Mio_nach_24h.jpg,2.4276623501427843,0.28962138551287353,0.6981011033058167,0.09413833800002573,10.8664633327999,0.5433801147488898,,0.02584232190577058,0.40073024081769243,,subtract,35.0,,,,,,,,,,,,,,
morphological_opening,morphological_opening__v4__hm_1,Aufnahme-02_2Mio_nach_24h.jpg,2.4276623501427843,0.28962138551287353,0.6981011033058167,0.09413833800002573,10.8664633327999,0.5433801147488898,,0.02584232190577058,0.40073024081769243,,subtract,50.0,,,,,,,,,,,,,,
rolling_ball,rolling_ball__v1__hm_0,Aufnahme-02_2Mio_nach_24h.jpg,1.8088449884787765,0.25035796605516225,0.8198075294494629,0.2967254592788232,5.611687010311216,2.194237032858466,,0.02296865173848176,0.45909244020386475,,subtract,50.0,,,,,,,,,,,,,,
rolling_ball,rolling_ball__v2__hm_1,Aufnahme-02_2Mio_nach_24h.jpg,1.583073840212869,0.2677808625739999,0.46966761350631714,0.06839762781898134,10.562406660187388,0.41428528819886173,,0.028005752897735017,0.3994868643251494,,subtract,50.0,,,,,,,,,,,,,,
rolling_ball,rolling_ball__v3__hm_0,Aufnahme-02_2Mio_nach_24h.jpg,1.8088449884787765,0.25035796605516225,0.8198075294494629,0.2967254592788232,5.611687010311216,2.194237032858466,,0.02296865173848176,0.45909244020386475,,subtract,75.0,,,,,,,,,,,,,,
rolling_ball,rolling_ball__v4__hm_1,Aufnahme-02_2Mio_nach_24h.jpg,1.583073840212869,0.2677808625739999,0.46966761350631714,0.06839762781898134,10.562406660187388,0.41428528819886173,,0.028005752897735017,0.3994868643251494,,subtract,75.0,,,,,,,,,,,,,,
rolling_ball,rolling_ball__v5__hm_0,Aufnahme-02_2Mio_nach_24h.jpg,1.8088449884787765,0.25035796605516225,0.8198075294494629,0.2967254592788232,5.611687010311216,2.194237032858466,,0.02296865173848176,0.45909244020386475,,subtract,100.0,,,,,,,,,,,,,,
rolling_ball,rolling_ball__v6__hm_1,Aufnahme-02_2Mio_nach_24h.jpg,1.583073840212869,0.2677808625739999,0.46966761350631714,0.06839762781898134,10.562406660187388,0.41428528819886173,,0.028005752897735017,0.3994868643251494,,subtract,100.0,,,,,,,,,,,,,,
rolling_ball,rolling_ball__v7__hm_0,Aufnahme-02_2Mio_nach_24h.jpg,1.8088449884787765,0.25035796605516225,0.8198075294494629,0.2967254592788232,5.611687010311216,2.194237032858466,,0.02296865173848176,0.45909244020386475,,subtract,125.0,,,,,,,,,,,,,,
rolling_ball,rolling_ball__v8__hm_1,Aufnahme-02_2Mio_nach_24h.jpg,1.583073840212869,0.2677808625739999,0.46966761350631714,0.06839762781898134,10.562406660187388,0.41428528819886173,,0.028005752897735017,0.3994868643251494,,subtract,125.0,,,,,,,,,,,,,,
rolling_ball,rolling_ball__v9__hm_0,Aufnahme-02_2Mio_nach_24h.jpg,1.8088449884787765,0.25035796605516225,0.8198075294494629,0.2967254592788232,5.611687010311216,2.194237032858466,,0.02296865173848176,0.45909244020386475,,subtract,150.0,,,,,,,,,,,,,,
rolling_ball,rolling_ball__v10__hm_1,Aufnahme-02_2Mio_nach_24h.jpg,1.583073840212869,0.2677808625739999,0.46966761350631714,0.06839762781898134,10.562406660187388,0.41428528819886173,,0.028005752897735017,0.3994868643251494,,subtract,150.0,,,,,,,,,,,,,,
polynomial_fit,polynomial_fit__v1__hm_1,Aufnahme-02_2Mio_nach_24h.jpg,3.3697250063784585,0.2895440941792913,0.6359409093856812,0.10990317467104983,8.318483786907088,0.34101339005624054,,0.034126363473287215,0.375500869314482,,subtract,,2.0,True,2.5,5.0,,,,,,,,,,
polynomial_fit,polynomial_fit__v2__hm_1,Aufnahme-02_2Mio_nach_24h.jpg,3.3697250063784585,0.2895440941792913,0.6359409093856812,0.10990317467104983,8.318483786907088,0.34101339005624054,,0.034126363473287215,0.375500869314482,,subtract,,3.0,True,2.5,5.0,,,,,,,,,,
basicpy,basicpy__v1__hm_0,Aufnahme-02_2Mio_nach_24h.jpg,1.77941901558513,0.2506077878642827,0.7634698748588562,0.19370318792556154,6.196059338630413,2.2271689685033107,,0.027528466015378415,0.4411682914513486,,,,,,,,approximate,False,0.5,0.1,True,10.0,250.0,8.0,5.0,.basicpy_models
basicpy,basicpy__v2__hm_1,Aufnahme-02_2Mio_nach_24h.jpg,4.337551480825861,0.3373292273026891,0.6141955256462097,0.11101466100734265,7.598253868113617,0.25245833209441887,,0.03649247508837267,0.3594290609966115,,,,,,,,approximate,False,0.5,0.1,True,10.0,250.0,8.0,5.0,.basicpy_models
basicpy,basicpy__v3__hm_0,Aufnahme-02_2Mio_nach_24h.jpg,1.77941901558513,0.2506077878642827,0.7634698748588562,0.19370318792556154,6.196059338630413,2.2271689685033107,,0.027528466015378415,0.4411682914513486,,,,,,,,approximate,False,1.0,0.1,True,10.0,250.0,8.0,5.0,.basicpy_models
basicpy,basicpy__v4__hm_1,Aufnahme-02_2Mio_nach_24h.jpg,4.337551480825861,0.3373292273026891,0.6141955256462097,0.11101466100734265,7.598253868113617,0.25245833209441887,,0.03649247508837267,0.3594290609966115,,,,,,,,approximate,False,1.0,0.1,True,10.0,250.0,8.0,5.0,.basicpy_models
basicpy,basicpy__v5__hm_0,Aufnahme-02_2Mio_nach_24h.jpg,1.77941901558513,0.2506077878642827,0.7634698748588562,0.19370318792556154,6.196059338630413,2.2271689685033107,,0.027528466015378415,0.4411682914513486,,,,,,,,approximate,False,2.0,0.1,True,10.0,250.0,8.0,5.0,.basicpy_models
basicpy,basicpy__v6__hm_1,Aufnahme-02_2Mio_nach_24h.jpg,4.337551480825861,0.3373292273026891,0.6141955256462097,0.11101466100734265,7.598253868113617,0.25245833209441887,,0.03649247508837267,0.3594290609966115,,,,,,,,approximate,False,2.0,0.1,True,10.0,250.0,8.0,5.0,.basicpy_models
basicpy,basicpy__v7__hm_0,Aufnahme-02_2Mio_nach_24h.jpg,1.77941901558513,0.2506077878642827,0.7634698748588562,0.19370318792556154,6.196059338630413,2.2271689685033107,,0.027528466015378415,0.4411682914513486,,,,,,,,approximate,True,0.5,0.1,True,10.0,250.0,8.0,5.0,.basicpy_models
basicpy,basicpy__v8__hm_1,Aufnahme-02_2Mio_nach_24h.jpg,4.337551480825861,0.3373292273026891,0.6141955256462097,0.11101466100734265,7.598253868113617,0.25245833209441887,,0.03649247508837267,0.3594290609966115,,,,,,,,approximate,True,0.5,0.1,True,10.0,250.0,8.0,5.0,.basicpy_models
basicpy,basicpy__v9__hm_0,Aufnahme-02_2Mio_nach_24h.jpg,1.77941901558513,0.2506077878642827,0.7634698748588562,0.19370318792556154,6.196059338630413,2.2271689685033107,,0.027528466015378415,0.4411682914513486,,,,,,,,approximate,True,1.0,0.1,True,10.0,250.0,8.0,5.0,.basicpy_models
basicpy,basicpy__v10__hm_1,Aufnahme-02_2Mio_nach_24h.jpg,4.337551480825861,0.3373292273026891,0.6141955256462097,0.11101466100734265,7.598253868113617,0.25245833209441887,,0.03649247508837267,0.3594290609966115,,,,,,,,approximate,True,1.0,0.1,True,10.0,250.0,8.0,5.0,.basicpy_models
basicpy,basicpy__v11__hm_0,Aufnahme-02_2Mio_nach_24h.jpg,1.77941901558513,0.2506077878642827,0.7634698748588562,0.19370318792556154,6.196059338630413,2.2271689685033107,,0.027528466015378415,0.4411682914513486,,,,,,,,approximate,True,2.0,0.1,True,10.0,250.0,8.0,5.0,.basicpy_models
basicpy,basicpy__v12__hm_1,Aufnahme-02_2Mio_nach_24h.jpg,4.337551480825861,0.3373292273026891,0.6141955256462097,0.11101466100734265,7.598253868113617,0.25245833209441887,,0.03649247508837267,0.3594290609966115,,,,,,,,approximate,True,2.0,0.1,True,10.0,250.0,8.0,5.0,.basicpy_models
basicpy,basicpy__v13__hm_0,Aufnahme-02_2Mio_nach_24h.jpg,1.77941901558513,0.2506077878642827,0.7634698748588562,0.19370318792556154,6.196059338630413,2.2271689685033107,,0.027528466015378415,0.4411682914513486,,,,,,,,ladmap,False,0.5,0.1,True,10.0,250.0,8.0,5.0,.basicpy_models
basicpy,basicpy__v14__hm_1,Aufnahme-02_2Mio_nach_24h.jpg,4.337551480825861,0.3373292273026891,0.6141955256462097,0.11101466100734265,7.598253868113617,0.25245833209441887,,0.03649247508837267,0.3594290609966115,,,,,,,,ladmap,False,0.5,0.1,True,10.0,250.0,8.0,5.0,.basicpy_models
basicpy,basicpy__v15__hm_0,Aufnahme-02_2Mio_nach_24h.jpg,1.77941901558513,0.2506077878642827,0.7634698748588562,0.19370318792556154,6.196059338630413,2.2271689685033107,,0.027528466015378415,0.4411682914513486,,,,,,,,ladmap,False,1.0,0.1,True,10.0,250.0,8.0,5.0,.basicpy_models
basicpy,basicpy__v16__hm_1,Aufnahme-02_2Mio_nach_24h.jpg,4.337551480825861,0.3373292273026891,0.6141955256462097,0.11101466100734265,7.598253868113617,0.25245833209441887,,0.03649247508837267,0.3594290609966115,,,,,,,,ladmap,False,1.0,0.1,True,10.0,250.0,8.0,5.0,.basicpy_models
basicpy,basicpy__v17__hm_0,Aufnahme-02_2Mio_nach_24h.jpg,1.77941901558513,0.2506077878642827,0.7634698748588562,0.19370318792556154,6.196059338630413,2.2271689685033107,,0.027528466015378415,0.4411682914513486,,,,,,,,ladmap,False,2.0,0.1,True,10.0,250.0,8.0,5.0,.basicpy_models
basicpy,basicpy__v18__hm_1,Aufnahme-02_2Mio_nach_24h.jpg,4.337551480825861,0.3373292273026891,0.6141955256462097,0.11101466100734265,7.598253868113617,0.25245833209441887,,0.03649247508837267,0.3594290609966115,,,,,,,,ladmap,False,2.0,0.1,True,10.0,250.0,8.0,5.0,.basicpy_models
basicpy,basicpy__v19__hm_0,Aufnahme-02_2Mio_nach_24h.jpg,1.77941901558513,0.2506077878642827,0.7634698748588562,0.19370318792556154,6.196059338630413,2.2271689685033107,,0.027528466015378415,0.4411682914513486,,,,,,,,ladmap,True,0.5,0.1,True,10.0,250.0,8.0,5.0,.basicpy_models
basicpy,basicpy__v20__hm_1,Aufnahme-02_2Mio_nach_24h.jpg,4.337551480825861,0.3373292273026891,0.6141955256462097,0.11101466100734265,7.598253868113617,0.25245833209441887,,0.03649247508837267,0.3594290609966115,,,,,,,,ladmap,True,0.5,0.1,True,10.0,250.0,8.0,5.0,.basicpy_models
basicpy,basicpy__v21__hm_0,Aufnahme-02_2Mio_nach_24h.jpg,1.77941901558513,0.2506077878642827,0.7634698748588562,0.19370318792556154,6.196059338630413,2.2271689685033107,,0.027528466015378415,0.4411682914513486,,,,,,,,ladmap,True,1.0,0.1,True,10.0,250.0,8.0,5.0,.basicpy_models
basicpy,basicpy__v22__hm_1,Aufnahme-02_2Mio_nach_24h.jpg,4.337551480825861,0.3373292273026891,0.6141955256462097,0.11101466100734265,7.598253868113617,0.25245833209441887,,0.03649247508837267,0.3594290609966115,,,,,,,,ladmap,True,1.0,0.1,True,10.0,250.0,8.0,5.0,.basicpy_models
basicpy,basicpy__v23__hm_0,Aufnahme-02_2Mio_nach_24h.jpg,1.77941901558513,0.2506077878642827,0.7634698748588562,0.19370318792556154,6.196059338630413,2.2271689685033107,,0.027528466015378415,0.4411682914513486,,,,,,,,ladmap,True,2.0,0.1,True,10.0,250.0,8.0,5.0,.basicpy_models
basicpy,basicpy__v24__hm_1,Aufnahme-02_2Mio_nach_24h.jpg,4.337551480825861,0.3373292273026891,0.6141955256462097,0.11101466100734265,7.598253868113617,0.25245833209441887,,0.03649247508837267,0.3594290609966115,,,,,,,,ladmap,True,2.0,0.1,True,10.0,250.0,8.0,5.0,.basicpy_models
gaussian_background,gaussian_background__v1__hm_1,"Aufnahme-03_0,5Mio_nach_24h.jpg",4.456833296790172,0.34740350005449727,0.6159844994544983,0.009009475482821045,19.82077935303838,0.23677352662603993,,0.03693942234834423,0.3463210583039899,10.0,subtract,,,,,,,,,,,,,,,
gaussian_background,gaussian_background__v2__hm_1,"Aufnahme-03_0,5Mio_nach_24h.jpg",4.456833296790172,0.34740350005449727,0.6159844994544983,0.009009475482821045,19.82077935303838,0.23677352662603993,,0.03693942234834423,0.3463210583039899,20.0,subtract,,,,,,,,,,,,,,,
gaussian_background,gaussian_background__v3__hm_1,"Aufnahme-03_0,5Mio_nach_24h.jpg",4.456833296790172,0.34740350005449727,0.6159844994544983,0.009009475482821045,19.82077935303838,0.23677352662603993,,0.03693942234834423,0.3463210583039899,30.0,subtract,,,,,,,,,,,,,,,
gaussian_background,gaussian_background__v4__hm_1,"Aufnahme-03_0,5Mio_nach_24h.jpg",4.456833296790172,0.34740350005449727,0.6159844994544983,0.009009475482821045,19.82077935303838,0.23677352662603993,,0.03693942234834423,0.3463210583039899,40.0,subtract,,,,,,,,,,,,,,,
morphological_opening,morphological_opening__v1__hm_1,"Aufnahme-03_0,5Mio_nach_24h.jpg",1.9631850149885093,0.30796591626130976,0.6604210734367371,0.006494362471536402,33.112041641225794,0.5022175201614656,,0.029237716038443072,0.3986287320710194,,subtract,15.0,,,,,,,,,,,,,,
morphological_opening,morphological_opening__v2__hm_1,"Aufnahme-03_0,5Mio_nach_24h.jpg",1.9631850149885093,0.30796591626130976,0.6604210734367371,0.006494362471536402,33.112041641225794,0.5022175201614656,,0.029237716038443072,0.3986287320710194,,subtract,25.0,,,,,,,,,,,,,,
morphological_opening,morphological_opening__v3__hm_1,"Aufnahme-03_0,5Mio_nach_24h.jpg",1.9631850149885093,0.30796591626130976,0.6604210734367371,0.006494362471536402,33.112041641225794,0.5022175201614656,,0.029237716038443072,0.3986287320710194,,subtract,35.0,,,,,,,,,,,,,,
morphological_opening,morphological_opening__v4__hm_1,"Aufnahme-03_0,5Mio_nach_24h.jpg",1.9631850149885093,0.30796591626130976,0.6604210734367371,0.006494362471536402,33.112041641225794,0.5022175201614656,,0.029237716038443072,0.3986287320710194,,subtract,50.0,,,,,,,,,,,,,,
rolling_ball,rolling_ball__v1__hm_0,"Aufnahme-03_0,5Mio_nach_24h.jpg",2.49716171353867,0.24674589198548347,0.7173039317131042,0.02211574674642375,14.590928333998937,2.166302917615958,,0.02469289230925634,0.3940077241549676,,subtract,50.0,,,,,,,,,,,,,,
rolling_ball,rolling_ball__v2__hm_1,"Aufnahme-03_0,5Mio_nach_24h.jpg",5.105550761067352,0.3533277323585935,0.5289734601974487,0.004523926768423886,21.699131854766577,0.2590169105906861,,0.03368570056795254,0.32983820741737124,,subtract,50.0,,,,,,,,,,,,,,
rolling_ball,rolling_ball__v3__hm_0,"Aufnahme-03_0,5Mio_nach_24h.jpg",2.49716171353867,0.24674589198548347,0.7173039317131042,0.02211574674642375,14.590928333998937,2.166302917615958,,0.02469289230925634,0.3940077241549676,,subtract,75.0,,,,,,,,,,,,,,
rolling_ball,rolling_ball__v4__hm_1,"Aufnahme-03_0,5Mio_nach_24h.jpg",5.105550761067352,0.3533277323585935,0.5289734601974487,0.004523926768423886,21.699131854766577,0.2590169105906861,,0.03368570056795254,0.32983820741737124,,subtract,75.0,,,,,,,,,,,,,,
rolling_ball,rolling_ball__v5__hm_0,"Aufnahme-03_0,5Mio_nach_24h.jpg",2.49716171353867,0.24674589198548347,0.7173039317131042,0.02211574674642375,14.590928333998937,2.166302917615958,,0.02469289230925634,0.3940077241549676,,subtract,100.0,,,,,,,,,,,,,,
rolling_ball,rolling_ball__v6__hm_1,"Aufnahme-03_0,5Mio_nach_24h.jpg",5.105550761067352,0.3533277323585935,0.5289734601974487,0.004523926768423886,21.699131854766577,0.2590169105906861,,0.03368570056795254,0.32983820741737124,,subtract,100.0,,,,,,,,,,,,,,
rolling_ball,rolling_ball__v7__hm_0,"Aufnahme-03_0,5Mio_nach_24h.jpg",2.49716171353867,0.24674589198548347,0.7173039317131042,0.02211574674642375,14.590928333998937,2.166302917615958,,0.02469289230925634,0.3940077241549676,,subtract,125.0,,,,,,,,,,,,,,
rolling_ball,rolling_ball__v8__hm_1,"Aufnahme-03_0,5Mio_nach_24h.jpg",5.105550761067352,0.3533277323585935,0.5289734601974487,0.004523926768423886,21.699131854766577,0.2590169105906861,,0.03368570056795254,0.32983820741737124,,subtract,125.0,,,,,,,,,,,,,,
rolling_ball,rolling_ball__v9__hm_0,"Aufnahme-03_0,5Mio_nach_24h.jpg",2.49716171353867,0.24674589198548347,0.7173039317131042,0.02211574674642375,14.590928333998937,2.166302917615958,,0.02469289230925634,0.3940077241549676,,subtract,150.0,,,,,,,,,,,,,,
rolling_ball,rolling_ball__v10__hm_1,"Aufnahme-03_0,5Mio_nach_24h.jpg",5.105550761067352,0.3533277323585935,0.5289734601974487,0.004523926768423886,21.699131854766577,0.2590169105906861,,0.03368570056795254,0.32983820741737124,,subtract,150.0,,,,,,,,,,,,,,
polynomial_fit,polynomial_fit__v1__hm_1,"Aufnahme-03_0,5Mio_nach_24h.jpg",4.087003278508018,0.32016036269487813,0.6284647583961487,0.009930825820130522,17.153712777674386,0.2825450632441217,,0.029482654787985483,0.35301126476788963,,subtract,,2.0,True,2.5,5.0,,,,,,,,,,
polynomial_fit,polynomial_fit__v2__hm_1,"Aufnahme-03_0,5Mio_nach_24h.jpg",4.087003278508018,0.32016036269487813,0.6284647583961487,0.009930825820130522,17.153712777674386,0.2825450632441217,,0.029482654787985483,0.35301126476788963,,subtract,,3.0,True,2.5,5.0,,,,,,,,,,
basicpy,basicpy__v1__hm_0,"Aufnahme-03_0,5Mio_nach_24h.jpg",1.558082534802626,0.23908676591236144,0.7363919019699097,0.014162561576335376,16.316767923745484,2.0097251652231605,,0.0271430825884533,0.4267152719908455,,,,,,,,approximate,False,0.5,0.1,True,10.0,250.0,8.0,5.0,.basicpy_models
basicpy,basicpy__v2__hm_1,"Aufnahme-03_0,5Mio_nach_24h.jpg",4.4568333014787935,0.34740352985681966,0.6126802563667297,0.00866738894906455,19.353961266459798,0.23723266287812123,,0.03604414155976397,0.3459789878577694,,,,,,,,approximate,False,0.5,0.1,True,10.0,250.0,8.0,5.0,.basicpy_models
basicpy,basicpy__v3__hm_0,"Aufnahme-03_0,5Mio_nach_24h.jpg",1.558082534802626,0.23908676591236144,0.7363919019699097,0.014162561576335376,16.316767923745484,2.0097251652231605,,0.0271430825884533,0.4267152719908455,,,,,,,,approximate,False,1.0,0.1,True,10.0,250.0,8.0,5.0,.basicpy_models
basicpy,basicpy__v4__hm_1,"Aufnahme-03_0,5Mio_nach_24h.jpg",4.4568333014787935,0.34740352985681966,0.6126802563667297,0.00866738894906455,19.353961266459798,0.23723266287812123,,0.03604414155976397,0.3459789878577694,,,,,,,,approximate,False,1.0,0.1,True,10.0,250.0,8.0,5.0,.basicpy_models
basicpy,basicpy__v5__hm_0,"Aufnahme-03_0,5Mio_nach_24h.jpg",1.558082534802626,0.23908676591236144,0.7363919019699097,0.014162561576335376,16.316767923745484,2.0097251652231605,,0.0271430825884533,0.4267152719908455,,,,,,,,approximate,False,2.0,0.1,True,10.0,250.0,8.0,5.0,.basicpy_models
basicpy,basicpy__v6__hm_1,"Aufnahme-03_0,5Mio_nach_24h.jpg",4.4568333014787935,0.34740352985681966,0.6126802563667297,0.00866738894906455,19.353961266459798,0.23723266287812123,,0.03604414155976397,0.3459789878577694,,,,,,,,approximate,False,2.0,0.1,True,10.0,250.0,8.0,5.0,.basicpy_models
basicpy,basicpy__v7__hm_0,"Aufnahme-03_0,5Mio_nach_24h.jpg",1.558082534802626,0.23908676591236144,0.7363919019699097,0.014162561576335376,16.316767923745484,2.0097251652231605,,0.0271430825884533,0.4267152719908455,,,,,,,,approximate,True,0.5,0.1,True,10.0,250.0,8.0,5.0,.basicpy_models
basicpy,basicpy__v8__hm_1,"Aufnahme-03_0,5Mio_nach_24h.jpg",4.4568333014787935,0.34740352985681966,0.6126802563667297,0.00866738894906455,19.353961266459798,0.23723266287812123,,0.03604414155976397,0.3459789878577694,,,,,,,,approximate,True,0.5,0.1,True,10.0,250.0,8.0,5.0,.basicpy_models
basicpy,basicpy__v9__hm_0,"Aufnahme-03_0,5Mio_nach_24h.jpg",1.558082534802626,0.23908676591236144,0.7363919019699097,0.014162561576335376,16.316767923745484,2.0097251652231605,,0.0271430825884533,0.4267152719908455,,,,,,,,approximate,True,1.0,0.1,True,10.0,250.0,8.0,5.0,.basicpy_models
basicpy,basicpy__v10__hm_1,"Aufnahme-03_0,5Mio_nach_24h.jpg",4.4568333014787935,0.34740352985681966,0.6126802563667297,0.00866738894906455,19.353961266459798,0.23723266287812123,,0.03604414155976397,0.3459789878577694,,,,,,,,approximate,True,1.0,0.1,True,10.0,250.0,8.0,5.0,.basicpy_models
basicpy,basicpy__v11__hm_0,"Aufnahme-03_0,5Mio_nach_24h.jpg",1.558082534802626,0.23908676591236144,0.7363919019699097,0.014162561576335376,16.316767923745484,2.0097251652231605,,0.0271430825884533,0.4267152719908455,,,,,,,,approximate,True,2.0,0.1,True,10.0,250.0,8.0,5.0,.basicpy_models
basicpy,basicpy__v12__hm_1,"Aufnahme-03_0,5Mio_nach_24h.jpg",4.4568333014787935,0.34740352985681966,0.6126802563667297,0.00866738894906455,19.353961266459798,0.23723266287812123,,0.03604414155976397,0.3459789878577694,,,,,,,,approximate,True,2.0,0.1,True,10.0,250.0,8.0,5.0,.basicpy_models
basicpy,basicpy__v13__hm_0,"Aufnahme-03_0,5Mio_nach_24h.jpg",1.558082534802626,0.23908676591236144,0.7363919019699097,0.014162561576335376,16.316767923745484,2.0097251652231605,,0.0271430825884533,0.4267152719908455,,,,,,,,ladmap,False,0.5,0.1,True,10.0,250.0,8.0,5.0,.basicpy_models
basicpy,basicpy__v14__hm_1,"Aufnahme-03_0,5Mio_nach_24h.jpg",4.4568333014787935,0.34740352985681966,0.6126802563667297,0.00866738894906455,19.353961266459798,0.23723266287812123,,0.03604414155976397,0.3459789878577694,,,,,,,,ladmap,False,0.5,0.1,True,10.0,250.0,8.0,5.0,.basicpy_models
basicpy,basicpy__v15__hm_0,"Aufnahme-03_0,5Mio_nach_24h.jpg",1.558082534802626,0.23908676591236144,0.7363919019699097,0.014162561576335376,16.316767923745484,2.0097251652231605,,0.0271430825884533,0.4267152719908455,,,,,,,,ladmap,False,1.0,0.1,True,10.0,250.0,8.0,5.0,.basicpy_models
basicpy,basicpy__v16__hm_1,"Aufnahme-03_0,5Mio_nach_24h.jpg",4.4568333014787935,0.34740352985681966,0.6126802563667297,0.00866738894906455,19.353961266459798,0.23723266287812123,,0.03604414155976397,0.3459789878577694,,,,,,,,ladmap,False,1.0,0.1,True,10.0,250.0,8.0,5.0,.basicpy_models
basicpy,basicpy__v17__hm_0,"Aufnahme-03_0,5Mio_nach_24h.jpg",1.558082534802626,0.23908676591236144,0.7363919019699097,0.014162561576335376,16.316767923745484,2.0097251652231605,,0.0271430825884533,0.4267152719908455,,,,,,,,ladmap,False,2.0,0.1,True,10.0,250.0,8.0,5.0,.basicpy_models
basicpy,basicpy__v18__hm_1,"Aufnahme-03_0,5Mio_nach_24h.jpg",4.4568333014787935,0.34740352985681966,0.6126802563667297,0.00866738894906455,19.353961266459798,0.23723266287812123,,0.03604414155976397,0.3459789878577694,,,,,,,,ladmap,False,2.0,0.1,True,10.0,250.0,8.0,5.0,.basicpy_models
basicpy,basicpy__v19__hm_0,"Aufnahme-03_0,5Mio_nach_24h.jpg",1.558082534802626,0.23908676591236144,0.7363919019699097,0.014162561576335376,16.316767923745484,2.0097251652231605,,0.0271430825884533,0.4267152719908455,,,,,,,,ladmap,True,0.5,0.1,True,10.0,250.0,8.0,5.0,.basicpy_models
basicpy,basicpy__v20__hm_1,"Aufnahme-03_0,5Mio_nach_24h.jpg",4.4568333014787935,0.34740352985681966,0.6126802563667297,0.00866738894906455,19.353961266459798,0.23723266287812123,,0.03604414155976397,0.3459789878577694,,,,,,,,ladmap,True,0.5,0.1,True,10.0,250.0,8.0,5.0,.basicpy_models
basicpy,basicpy__v21__hm_0,"Aufnahme-03_0,5Mio_nach_24h.jpg",1.558082534802626,0.23908676591236144,0.7363919019699097,0.014162561576335376,16.316767923745484,2.0097251652231605,,0.0271430825884533,0.4267152719908455,,,,,,,,ladmap,True,1.0,0.1,True,10.0,250.0,8.0,5.0,.basicpy_models
basicpy,basicpy__v22__hm_1,"Aufnahme-03_0,5Mio_nach_24h.jpg",4.4568333014787935,0.34740352985681966,0.6126802563667297,0.00866738894906455,19.353961266459798,0.23723266287812123,,0.03604414155976397,0.3459789878577694,,,,,,,,ladmap,True,1.0,0.1,True,10.0,250.0,8.0,5.0,.basicpy_models
basicpy,basicpy__v23__hm_0,"Aufnahme-03_0,5Mio_nach_24h.jpg",1.558082534802626,0.23908676591236144,0.7363919019699097,0.014162561576335376,16.316767923745484,2.0097251652231605,,0.0271430825884533,0.4267152719908455,,,,,,,,ladmap,True,2.0,0.1,True,10.0,250.0,8.0,5.0,.basicpy_models
basicpy,basicpy__v24__hm_1,"Aufnahme-03_0,5Mio_nach_24h.jpg",4.4568333014787935,0.34740352985681966,0.6126802563667297,0.00866738894906455,19.353961266459798,0.23723266287812123,,0.03604414155976397,0.3459789878577694,,,,,,,,ladmap,True,2.0,0.1,True,10.0,250.0,8.0,5.0,.basicpy_models
gaussian_background,gaussian_background__v1__hm_1,Aufnahme-03_2Mio_nach_24h.jpg,4.456831914277293,0.3474034851533361,0.6065462827682495,0.0618078898295638,8.768087047713903,0.2362058114455417,,0.03445033407910765,0.35161181024886234,10.0,subtract,,,,,,,,,,,,,,,
gaussian_background,gaussian_background__v2__hm_1,Aufnahme-03_2Mio_nach_24h.jpg,4.456831914277293,0.3474034851533361,0.6065462827682495,0.0618078898295638,8.768087047713903,0.2362058114455417,,0.03445033407910765,0.35161181024886234,20.0,subtract,,,,,,,,,,,,,,,
gaussian_background,gaussian_background__v3__hm_1,Aufnahme-03_2Mio_nach_24h.jpg,4.456831914277293,0.3474034851533361,0.6065462827682495,0.0618078898295638,8.768087047713903,0.2362058114455417,,0.03445033407910765,0.35161181024886234,30.0,subtract,,,,,,,,,,,,,,,
gaussian_background,gaussian_background__v4__hm_1,Aufnahme-03_2Mio_nach_24h.jpg,4.456831914277293,0.3474034851533361,0.6065462827682495,0.0618078898295638,8.768087047713903,0.2362058114455417,,0.03445033407910765,0.35161181024886234,40.0,subtract,,,,,,,,,,,,,,,
morphological_opening,morphological_opening__v1__hm_1,Aufnahme-03_2Mio_nach_24h.jpg,2.7019545523876958,0.2927005731908139,0.6341516375541687,0.0343555726007095,14.055098339762678,0.5327475977529611,,0.027670323885115408,0.37958372085201336,,subtract,15.0,,,,,,,,,,,,,,
morphological_opening,morphological_opening__v2__hm_1,Aufnahme-03_2Mio_nach_24h.jpg,2.7019545523876958,0.2927005731908139,0.6341516375541687,0.0343555726007095,14.055098339762678,0.5327475977529611,,0.027670323885115408,0.37958372085201336,,subtract,25.0,,,,,,,,,,,,,,
morphological_opening,morphological_opening__v3__hm_1,Aufnahme-03_2Mio_nach_24h.jpg,2.7019545523876958,0.2927005731908139,0.6341516375541687,0.0343555726007095,14.055098339762678,0.5327475977529611,,0.027670323885115408,0.37958372085201336,,subtract,35.0,,,,,,,,,,,,,,
morphological_opening,morphological_opening__v4__hm_1,Aufnahme-03_2Mio_nach_24h.jpg,2.7019545523876958,0.2927005731908139,0.6341516375541687,0.0343555726007095,14.055098339762678,0.5327475977529611,,0.027670323885115408,0.37958372085201336,,subtract,50.0,,,,,,,,,,,,,,
rolling_ball,rolling_ball__v1__hm_0,Aufnahme-03_2Mio_nach_24h.jpg,2.1339490039442994,0.2473710470367223,0.8376387357711792,0.16427446744814633,6.2630251492091995,2.1346629994052653,,0.024009702195721648,0.4347217354345756,,subtract,50.0,,,,,,,,,,,,,,
rolling_ball,rolling_ball__v2__hm_1,Aufnahme-03_2Mio_nach_24h.jpg,3.5347946105467716,0.2901448903721757,0.5117006301879883,0.030299573341803464,11.295164991753994,0.36332193696423803,,0.030575053982260694,0.34947299793429926,,subtract,50.0,,,,,,,,,,,,,,
rolling_ball,rolling_ball__v3__hm_0,Aufnahme-03_2Mio_nach_24h.jpg,2.1339490039442994,0.2473710470367223,0.8376387357711792,0.16427446744814633,6.2630251492091995,2.1346629994052653,,0.024009702195721648,0.4347217354345756,,subtract,75.0,,,,,,,,,,,,,,
rolling_ball,rolling_ball__v4__hm_1,Aufnahme-03_2Mio_nach_24h.jpg,3.5347946105467716,0.2901448903721757,0.5117006301879883,0.030299573341803464,11.295164991753994,0.36332193696423803,,0.030575053982260694,0.34947299793429926,,subtract,75.0,,,,,,,,,,,,,,
rolling_ball,rolling_ball__v5__hm_0,Aufnahme-03_2Mio_nach_24h.jpg,2.1339490039442994,0.2473710470367223,0.8376387357711792,0.16427446744814633,6.2630251492091995,2.1346629994052653,,0.024009702195721648,0.4347217354345756,,subtract,100.0,,,,,,,,,,,,,,
rolling_ball,rolling_ball__v6__hm_1,Aufnahme-03_2Mio_nach_24h.jpg,3.5347946105467716,0.2901448903721757,0.5117006301879883,0.030299573341803464,11.295164991753994,0.36332193696423803,,0.030575053982260694,0.34947299793429926,,subtract,100.0,,,,,,,,,,,,,,
rolling_ball,rolling_ball__v7__hm_0,Aufnahme-03_2Mio_nach_24h.jpg,2.1339490039442994,0.2473710470367223,0.8376387357711792,0.16427446744814633,6.2630251492091995,2.1346629994052653,,0.024009702195721648,0.4347217354345756,,subtract,125.0,,,,,,,,,,,,,,
rolling_ball,rolling_ball__v8__hm_1,Aufnahme-03_2Mio_nach_24h.jpg,3.5347946105467716,0.2901448903721757,0.5117006301879883,0.030299573341803464,11.295164991753994,0.36332193696423803,,0.030575053982260694,0.34947299793429926,,subtract,125.0,,,,,,,,,,,,,,
rolling_ball,rolling_ball__v9__hm_0,Aufnahme-03_2Mio_nach_24h.jpg,2.1339490039442994,0.2473710470367223,0.8376387357711792,0.16427446744814633,6.2630251492091995,2.1346629994052653,,0.024009702195721648,0.4347217354345756,,subtract,150.0,,,,,,,,,,,,,,
rolling_ball,rolling_ball__v10__hm_1,Aufnahme-03_2Mio_nach_24h.jpg,3.5347946105467716,0.2901448903721757,0.5117006301879883,0.030299573341803464,11.295164991753994,0.36332193696423803,,0.030575053982260694,0.34947299793429926,,subtract,150.0,,,,,,,,,,,,,,
polynomial_fit,polynomial_fit__v1__hm_1,Aufnahme-03_2Mio_nach_24h.jpg,3.5033317595400515,0.2943021802348085,0.6267244815826416,0.05946403726324833,9.789013086676187,0.3305776234176182,,0.02916823850930434,0.3668404645149306,,subtract,,2.0,True,2.5,5.0,,,,,,,,,,
polynomial_fit,polynomial_fit__v2__hm_1,Aufnahme-03_2Mio_nach_24h.jpg,3.5033317595400515,0.2943021802348085,0.6267244815826416,0.05946403726324833,9.789013086676187,0.3305776234176182,,0.02916823850930434,0.3668404645149306,,subtract,,3.0,True,2.5,5.0,,,,,,,,,,
basicpy,basicpy__v1__hm_0,Aufnahme-03_2Mio_nach_24h.jpg,1.8290402823229168,0.2544266425538808,0.799969494342804,0.1506078891065261,6.914782689678612,2.3752512516547175,,0.022585271902998715,0.43886731257352374,,,,,,,,approximate,False,0.5,0.1,True,10.0,250.0,8.0,5.0,.basicpy_models
basicpy,basicpy__v2__hm_1,Aufnahme-03_2Mio_nach_24h.jpg,4.477488097494286,0.3494642896694131,0.6038793325424194,0.06218346052009071,8.441428996721545,0.23230873177818778,,0.0341090393595205,0.3511412982616485,,,,,,,,approximate,False,0.5,0.1,True,10.0,250.0,8.0,5.0,.basicpy_models
basicpy,basicpy__v3__hm_0,Aufnahme-03_2Mio_nach_24h.jpg,1.8290402823229168,0.2544266425538808,0.799969494342804,0.1506078891065261,6.914782689678612,2.3752512516547175,,0.022585271902998715,0.43886731257352374,,,,,,,,approximate,False,1.0,0.1,True,10.0,250.0,8.0,5.0,.basicpy_models
basicpy,basicpy__v4__hm_1,Aufnahme-03_2Mio_nach_24h.jpg,4.477488097494286,0.3494642896694131,0.6038793325424194,0.06218346052009071,8.441428996721545,0.23230873177818778,,0.0341090393595205,0.3511412982616485,,,,,,,,approximate,False,1.0,0.1,True,10.0,250.0,8.0,5.0,.basicpy_models
basicpy,basicpy__v5__hm_0,Aufnahme-03_2Mio_nach_24h.jpg,1.8290402823229168,0.2544266425538808,0.799969494342804,0.1506078891065261,6.914782689678612,2.3752512516547175,,0.022585271902998715,0.43886731257352374,,,,,,,,approximate,False,2.0,0.1,True,10.0,250.0,8.0,5.0,.basicpy_models
basicpy,basicpy__v6__hm_1,Aufnahme-03_2Mio_nach_24h.jpg,4.477488097494286,0.3494642896694131,0.6038793325424194,0.06218346052009071,8.441428996721545,0.23230873177818778,,0.0341090393595205,0.3511412982616485,,,,,,,,approximate,False,2.0,0.1,True,10.0,250.0,8.0,5.0,.basicpy_models
basicpy,basicpy__v7__hm_0,Aufnahme-03_2Mio_nach_24h.jpg,1.8290402823229168,0.2544266425538808,0.799969494342804,0.1506078891065261,6.914782689678612,2.3752512516547175,,0.022585271902998715,0.43886731257352374,,,,,,,,approximate,True,0.5,0.1,True,10.0,250.0,8.0,5.0,.basicpy_models
basicpy,basicpy__v8__hm_1,Aufnahme-03_2Mio_nach_24h.jpg,4.477488097494286,0.3494642896694131,0.6038793325424194,0.06218346052009071,8.441428996721545,0.23230873177818778,,0.0341090393595205,0.3511412982616485,,,,,,,,approximate,True,0.5,0.1,True,10.0,250.0,8.0,5.0,.basicpy_models
basicpy,basicpy__v9__hm_0,Aufnahme-03_2Mio_nach_24h.jpg,1.8290402823229168,0.2544266425538808,0.799969494342804,0.1506078891065261,6.914782689678612,2.3752512516547175,,0.022585271902998715,0.43886731257352374,,,,,,,,approximate,True,1.0,0.1,True,10.0,250.0,8.0,5.0,.basicpy_models
basicpy,basicpy__v10__hm_1,Aufnahme-03_2Mio_nach_24h.jpg,4.477488097494286,0.3494642896694131,0.6038793325424194,0.06218346052009071,8.441428996721545,0.23230873177818778,,0.0341090393595205,0.3511412982616485,,,,,,,,approximate,True,1.0,0.1,True,10.0,250.0,8.0,5.0,.basicpy_models
basicpy,basicpy__v11__hm_0,Aufnahme-03_2Mio_nach_24h.jpg,1.8290402823229168,0.2544266425538808,0.799969494342804,0.1506078891065261,6.914782689678612,2.3752512516547175,,0.022585271902998715,0.43886731257352374,,,,,,,,approximate,True,2.0,0.1,True,10.0,250.0,8.0,5.0,.basicpy_models
basicpy,basicpy__v12__hm_1,Aufnahme-03_2Mio_nach_24h.jpg,4.477488097494286,0.3494642896694131,0.6038793325424194,0.06218346052009071,8.441428996721545,0.23230873177818778,,0.0341090393595205,0.3511412982616485,,,,,,,,approximate,True,2.0,0.1,True,10.0,250.0,8.0,5.0,.basicpy_models
basicpy,basicpy__v13__hm_0,Aufnahme-03_2Mio_nach_24h.jpg,1.8290402823229168,0.2544266425538808,0.799969494342804,0.1506078891065261,6.914782689678612,2.3752512516547175,,0.022585271902998715,0.43886731257352374,,,,,,,,ladmap,False,0.5,0.1,True,10.0,250.0,8.0,5.0,.basicpy_models
basicpy,basicpy__v14__hm_1,Aufnahme-03_2Mio_nach_24h.jpg,4.477488097494286,0.3494642896694131,0.6038793325424194,0.06218346052009071,8.441428996721545,0.23230873177818778,,0.0341090393595205,0.3511412982616485,,,,,,,,ladmap,False,0.5,0.1,True,10.0,250.0,8.0,5.0,.basicpy_models
basicpy,basicpy__v15__hm_0,Aufnahme-03_2Mio_nach_24h.jpg,1.8290402823229168,0.2544266425538808,0.799969494342804,0.1506078891065261,6.914782689678612,2.3752512516547175,,0.022585271902998715,0.43886731257352374,,,,,,,,ladmap,False,1.0,0.1,True,10.0,250.0,8.0,5.0,.basicpy_models
basicpy,basicpy__v16__hm_1,Aufnahme-03_2Mio_nach_24h.jpg,4.477488097494286,0.3494642896694131,0.6038793325424194,0.06218346052009071,8.441428996721545,0.23230873177818778,,0.0341090393595205,0.3511412982616485,,,,,,,,ladmap,False,1.0,0.1,True,10.0,250.0,8.0,5.0,.basicpy_models
basicpy,basicpy__v17__hm_0,Aufnahme-03_2Mio_nach_24h.jpg,1.8290402823229168,0.2544266425538808,0.799969494342804,0.1506078891065261,6.914782689678612,2.3752512516547175,,0.022585271902998715,0.43886731257352374,,,,,,,,ladmap,False,2.0,0.1,True,10.0,250.0,8.0,5.0,.basicpy_models
basicpy,basicpy__v18__hm_1,Aufnahme-03_2Mio_nach_24h.jpg,4.477488097494286,0.3494642896694131,0.6038793325424194,0.06218346052009071,8.441428996721545,0.23230873177818778,,0.0341090393595205,0.3511412982616485,,,,,,,,ladmap,False,2.0,0.1,True,10.0,250.0,8.0,5.0,.basicpy_models
basicpy,basicpy__v19__hm_0,Aufnahme-03_2Mio_nach_24h.jpg,1.8290402823229168,0.2544266425538808,0.799969494342804,0.1506078891065261,6.914782689678612,2.3752512516547175,,0.022585271902998715,0.43886731257352374,,,,,,,,ladmap,True,0.5,0.1,True,10.0,250.0,8.0,5.0,.basicpy_models
basicpy,basicpy__v20__hm_1,Aufnahme-03_2Mio_nach_24h.jpg,4.477488097494286,0.3494642896694131,0.6038793325424194,0.06218346052009071,8.441428996721545,0.23230873177818778,,0.0341090393595205,0.3511412982616485,,,,,,,,ladmap,True,0.5,0.1,True,10.0,250.0,8.0,5.0,.basicpy_models
basicpy,basicpy__v21__hm_0,Aufnahme-03_2Mio_nach_24h.jpg,1.8290402823229168,0.2544266425538808,0.799969494342804,0.1506078891065261,6.914782689678612,2.3752512516547175,,0.022585271902998715,0.43886731257352374,,,,,,,,ladmap,True,1.0,0.1,True,10.0,250.0,8.0,5.0,.basicpy_models
basicpy,basicpy__v22__hm_1,Aufnahme-03_2Mio_nach_24h.jpg,4.477488097494286,0.3494642896694131,0.6038793325424194,0.06218346052009071,8.441428996721545,0.23230873177818778,,0.0341090393595205,0.3511412982616485,,,,,,,,ladmap,True,1.0,0.1,True,10.0,250.0,8.0,5.0,.basicpy_models
basicpy,basicpy__v23__hm_0,Aufnahme-03_2Mio_nach_24h.jpg,1.8290402823229168,0.2544266425538808,0.799969494342804,0.1506078891065261,6.914782689678612,2.3752512516547175,,0.022585271902998715,0.43886731257352374,,,,,,,,ladmap,True,2.0,0.1,True,10.0,250.0,8.0,5.0,.basicpy_models
basicpy,basicpy__v24__hm_1,Aufnahme-03_2Mio_nach_24h.jpg,4.477488097494286,0.3494642896694131,0.6038793325424194,0.06218346052009071,8.441428996721545,0.23230873177818778,,0.0341090393595205,0.3511412982616485,,,,,,,,ladmap,True,2.0,0.1,True,10.0,250.0,8.0,5.0,.basicpy_models
gaussian_background,gaussian_background__v1__hm_1,"Aufnahme-04_0,5Mio_nach_48h.jpg",4.477490575657759,0.3494643716257997,0.5706730484962463,0.07331617742281155,9.655629894971597,0.23448212954615089,,0.032628250711727404,0.3487046924427579,10.0,subtract,,,,,,,,,,,,,,,
gaussian_background,gaussian_background__v2__hm_1,"Aufnahme-04_0,5Mio_nach_48h.jpg",4.477490575657759,0.3494643716257997,0.5706730484962463,0.07331617742281155,9.655629894971597,0.23448212954615089,,0.032628250711727404,0.3487046924427579,20.0,subtract,,,,,,,,,,,,,,,
gaussian_background,gaussian_background__v3__hm_1,"Aufnahme-04_0,5Mio_nach_48h.jpg",4.477490575657759,0.3494643716257997,0.5706730484962463,0.07331617742281155,9.655629894971597,0.23448212954615089,,0.032628250711727404,0.3487046924427579,30.0,subtract,,,,,,,,,,,,,,,
gaussian_background,gaussian_background__v4__hm_1,"Aufnahme-04_0,5Mio_nach_48h.jpg",4.477490575657759,0.3494643716257997,0.5706730484962463,0.07331617742281155,9.655629894971597,0.23448212954615089,,0.032628250711727404,0.3487046924427579,40.0,subtract,,,,,,,,,,,,,,,
morphological_opening,morphological_opening__v1__hm_1,"Aufnahme-04_0,5Mio_nach_48h.jpg",2.8760818596439335,0.29144535525119863,0.6124295592308044,0.05821199958634321,15.327212730693983,0.5334261911356503,,0.02779766124675857,0.37618625180463583,,subtract,15.0,,,,,,,,,,,,,,
morphological_opening,morphological_opening__v2__hm_1,"Aufnahme-04_0,5Mio_nach_48h.jpg",2.8760818596439335,0.29144535525119863,0.6124295592308044,0.05821199958634321,15.327212730693983,0.5334261911356503,,0.02779766124675857,0.37618625180463583,,subtract,25.0,,,,,,,,,,,,,,
morphological_opening,morphological_opening__v3__hm_1,"Aufnahme-04_0,5Mio_nach_48h.jpg",2.8760818596439335,0.29144535525119863,0.6124295592308044,0.05821199958634321,15.327212730693983,0.5334261911356503,,0.02779766124675857,0.37618625180463583,,subtract,35.0,,,,,,,,,,,,,,
morphological_opening,morphological_opening__v4__hm_1,"Aufnahme-04_0,5Mio_nach_48h.jpg",2.8760818596439335,0.29144535525119863,0.6124295592308044,0.05821199958634321,15.327212730693983,0.5334261911356503,,0.02779766124675857,0.37618625180463583,,subtract,50.0,,,,,,,,,,,,,,
rolling_ball,rolling_ball__v1__hm_0,"Aufnahme-04_0,5Mio_nach_48h.jpg",2.025456846080069,0.2605721459258348,0.7947672605514526,0.26406032031902005,6.452905644927317,2.5560363984265764,,0.023147996008011543,0.4444456596326915,,subtract,50.0,,,,,,,,,,,,,,
rolling_ball,rolling_ball__v2__hm_1,"Aufnahme-04_0,5Mio_nach_48h.jpg",4.154568392705486,0.317805077705998,0.4241798520088196,0.03710895020102634,11.895918583392179,0.3217300047388503,,0.033387938092497293,0.3312103966619079,,subtract,50.0,,,,,,,,,,,,,,
rolling_ball,rolling_ball__v3__hm_0,"Aufnahme-04_0,5Mio_nach_48h.jpg",2.025456846080069,0.2605721459258348,0.7947672605514526,0.26406032031902005,6.452905644927317,2.5560363984265764,,0.023147996008011543,0.4444456596326915,,subtract,75.0,,,,,,,,,,,,,,
rolling_ball,rolling_ball__v4__hm_1,"Aufnahme-04_0,5Mio_nach_48h.jpg",4.154568392705486,0.317805077705998,0.4241798520088196,0.03710895020102634,11.895918583392179,0.3217300047388503,,0.033387938092497293,0.3312103966619079,,subtract,75.0,,,,,,,,,,,,,,
rolling_ball,rolling_ball__v5__hm_0,"Aufnahme-04_0,5Mio_nach_48h.jpg",2.025456846080069,0.2605721459258348,0.7947672605514526,0.26406032031902005,6.452905644927317,2.5560363984265764,,0.023147996008011543,0.4444456596326915,,subtract,100.0,,,,,,,,,,,,,,
rolling_ball,rolling_ball__v6__hm_1,"Aufnahme-04_0,5Mio_nach_48h.jpg",4.154568392705486,0.317805077705998,0.4241798520088196,0.03710895020102634,11.895918583392179,0.3217300047388503,,0.033387938092497293,0.3312103966619079,,subtract,100.0,,,,,,,,,,,,,,
rolling_ball,rolling_ball__v7__hm_0,"Aufnahme-04_0,5Mio_nach_48h.jpg",2.025456846080069,0.2605721459258348,0.7947672605514526,0.26406032031902005,6.452905644927317,2.5560363984265764,,0.023147996008011543,0.4444456596326915,,subtract,125.0,,,,,,,,,,,,,,
rolling_ball,rolling_ball__v8__hm_1,"Aufnahme-04_0,5Mio_nach_48h.jpg",4.154568392705486,0.317805077705998,0.4241798520088196,0.03710895020102634,11.895918583392179,0.3217300047388503,,0.033387938092497293,0.3312103966619079,,subtract,125.0,,,,,,,,,,,,,,
rolling_ball,rolling_ball__v9__hm_0,"Aufnahme-04_0,5Mio_nach_48h.jpg",2.025456846080069,0.2605721459258348,0.7947672605514526,0.26406032031902005,6.452905644927317,2.5560363984265764,,0.023147996008011543,0.4444456596326915,,subtract,150.0,,,,,,,,,,,,,,
rolling_ball,rolling_ball__v10__hm_1,"Aufnahme-04_0,5Mio_nach_48h.jpg",4.154568392705486,0.317805077705998,0.4241798520088196,0.03710895020102634,11.895918583392179,0.3217300047388503,,0.033387938092497293,0.3312103966619079,,subtract,150.0,,,,,,,,,,,,,,
polynomial_fit,polynomial_fit__v1__hm_1,"Aufnahme-04_0,5Mio_nach_48h.jpg",3.414376151279697,0.29111484793247655,0.5958293676376343,0.07226738934047423,10.833453950617756,0.33752390465697124,,0.028564363324185323,0.3662153640972422,,subtract,,2.0,True,2.5,5.0,,,,,,,,,,
polynomial_fit,polynomial_fit__v2__hm_1,"Aufnahme-04_0,5Mio_nach_48h.jpg",3.414376151279697,0.29111484793247655,0.5958293676376343,0.07226738934047423,10.833453950617756,0.33752390465697124,,0.028564363324185323,0.3662153640972422,,subtract,,3.0,True,2.5,5.0,,,,,,,,,,
basicpy,basicpy__v1__hm_0,"Aufnahme-04_0,5Mio_nach_48h.jpg",1.9234232185261255,0.2585937783587724,0.7668002247810364,0.17231236622227009,7.3410763900082046,2.4910670190391198,,0.02358135435727919,0.43391912088143003,,,,,,,,approximate,False,0.5,0.1,True,10.0,250.0,8.0,5.0,.basicpy_models
basicpy,basicpy__v2__hm_1,"Aufnahme-04_0,5Mio_nach_48h.jpg",4.477488860899124,0.3494643679005094,0.5671459436416626,0.07458442188972307,9.38981728008381,0.23244229466723557,,0.03263939432593542,0.3484401314043064,,,,,,,,approximate,False,0.5,0.1,True,10.0,250.0,8.0,5.0,.basicpy_models
basicpy,basicpy__v3__hm_0,"Aufnahme-04_0,5Mio_nach_48h.jpg",1.9234232185261255,0.2585937783587724,0.7668002247810364,0.17231236622227009,7.3410763900082046,2.4910670190391198,,0.02358135435727919,0.43391912088143003,,,,,,,,approximate,False,1.0,0.1,True,10.0,250.0,8.0,5.0,.basicpy_models
basicpy,basicpy__v4__hm_1,"Aufnahme-04_0,5Mio_nach_48h.jpg",4.477488860899124,0.3494643679005094,0.5671459436416626,0.07458442188972307,9.38981728008381,0.23244229466723557,,0.03263939432593542,0.3484401314043064,,,,,,,,approximate,False,1.0,0.1,True,10.0,250.0,8.0,5.0,.basicpy_models
basicpy,basicpy__v5__hm_0,"Aufnahme-04_0,5Mio_nach_48h.jpg",1.9234232185261255,0.2585937783587724,0.7668002247810364,0.17231236622227009,7.3410763900082046,2.4910670190391198,,0.02358135435727919,0.43391912088143003,,,,,,,,approximate,False,2.0,0.1,True,10.0,250.0,8.0,5.0,.basicpy_models
basicpy,basicpy__v6__hm_1,"Aufnahme-04_0,5Mio_nach_48h.jpg",4.477488860899124,0.3494643679005094,0.5671459436416626,0.07458442188972307,9.38981728008381,0.23244229466723557,,0.03263939432593542,0.3484401314043064,,,,,,,,approximate,False,2.0,0.1,True,10.0,250.0,8.0,5.0,.basicpy_models
basicpy,basicpy__v7__hm_0,"Aufnahme-04_0,5Mio_nach_48h.jpg",1.9234232185261255,0.2585937783587724,0.7668002247810364,0.17231236622227009,7.3410763900082046,2.4910670190391198,,0.02358135435727919,0.43391912088143003,,,,,,,,approximate,True,0.5,0.1,True,10.0,250.0,8.0,5.0,.basicpy_models
basicpy,basicpy__v8__hm_1,"Aufnahme-04_0,5Mio_nach_48h.jpg",4.477488860899124,0.3494643679005094,0.5671459436416626,0.07458442188972307,9.38981728008381,0.23244229466723557,,0.03263939432593542,0.3484401314043064,,,,,,,,approximate,True,0.5,0.1,True,10.0,250.0,8.0,5.0,.basicpy_models
basicpy,basicpy__v9__hm_0,"Aufnahme-04_0,5Mio_nach_48h.jpg",1.9234232185261255,0.2585937783587724,0.7668002247810364,0.17231236622227009,7.3410763900082046,2.4910670190391198,,0.02358135435727919,0.43391912088143003,,,,,,,,approximate,True,1.0,0.1,True,10.0,250.0,8.0,5.0,.basicpy_models
basicpy,basicpy__v10__hm_1,"Aufnahme-04_0,5Mio_nach_48h.jpg",4.477488860899124,0.3494643679005094,0.5671459436416626,0.07458442188972307,9.38981728008381,0.23244229466723557,,0.03263939432593542,0.3484401314043064,,,,,,,,approximate,True,1.0,0.1,True,10.0,250.0,8.0,5.0,.basicpy_models
basicpy,basicpy__v11__hm_0,"Aufnahme-04_0,5Mio_nach_48h.jpg",1.9234232185261255,0.2585937783587724,0.7668002247810364,0.17231236622227009,7.3410763900082046,2.4910670190391198,,0.02358135435727919,0.43391912088143003,,,,,,,,approximate,True,2.0,0.1,True,10.0,250.0,8.0,5.0,.basicpy_models
basicpy,basicpy__v12__hm_1,"Aufnahme-04_0,5Mio_nach_48h.jpg",4.477488860899124,0.3494643679005094,0.5671459436416626,0.07458442188972307,9.38981728008381,0.23244229466723557,,0.03263939432593542,0.3484401314043064,,,,,,,,approximate,True,2.0,0.1,True,10.0,250.0,8.0,5.0,.basicpy_models
basicpy,basicpy__v13__hm_0,"Aufnahme-04_0,5Mio_nach_48h.jpg",1.9234232185261255,0.2585937783587724,0.7668002247810364,0.17231236622227009,7.3410763900082046,2.4910670190391198,,0.02358135435727919,0.43391912088143003,,,,,,,,ladmap,False,0.5,0.1,True,10.0,250.0,8.0,5.0,.basicpy_models
basicpy,basicpy__v14__hm_1,"Aufnahme-04_0,5Mio_nach_48h.jpg",4.477488860899124,0.3494643679005094,0.5671459436416626,0.07458442188972307,9.38981728008381,0.23244229466723557,,0.03263939432593542,0.3484401314043064,,,,,,,,ladmap,False,0.5,0.1,True,10.0,250.0,8.0,5.0,.basicpy_models
basicpy,basicpy__v15__hm_0,"Aufnahme-04_0,5Mio_nach_48h.jpg",1.9234232185261255,0.2585937783587724,0.7668002247810364,0.17231236622227009,7.3410763900082046,2.4910670190391198,,0.02358135435727919,0.43391912088143003,,,,,,,,ladmap,False,1.0,0.1,True,10.0,250.0,8.0,5.0,.basicpy_models
basicpy,basicpy__v16__hm_1,"Aufnahme-04_0,5Mio_nach_48h.jpg",4.477488860899124,0.3494643679005094,0.5671459436416626,0.07458442188972307,9.38981728008381,0.23244229466723557,,0.03263939432593542,0.3484401314043064,,,,,,,,ladmap,False,1.0,0.1,True,10.0,250.0,8.0,5.0,.basicpy_models
basicpy,basicpy__v17__hm_0,"Aufnahme-04_0,5Mio_nach_48h.jpg",1.9234232185261255,0.2585937783587724,0.7668002247810364,0.17231236622227009,7.3410763900082046,2.4910670190391198,,0.02358135435727919,0.43391912088143003,,,,,,,,ladmap,False,2.0,0.1,True,10.0,250.0,8.0,5.0,.basicpy_models
basicpy,basicpy__v18__hm_1,"Aufnahme-04_0,5Mio_nach_48h.jpg",4.477488860899124,0.3494643679005094,0.5671459436416626,0.07458442188972307,9.38981728008381,0.23244229466723557,,0.03263939432593542,0.3484401314043064,,,,,,,,ladmap,False,2.0,0.1,True,10.0,250.0,8.0,5.0,.basicpy_models
basicpy,basicpy__v19__hm_0,"Aufnahme-04_0,5Mio_nach_48h.jpg",1.9234232185261255,0.2585937783587724,0.7668002247810364,0.17231236622227009,7.3410763900082046,2.4910670190391198,,0.02358135435727919,0.43391912088143003,,,,,,,,ladmap,True,0.5,0.1,True,10.0,250.0,8.0,5.0,.basicpy_models
basicpy,basicpy__v20__hm_1,"Aufnahme-04_0,5Mio_nach_48h.jpg",4.477488860899124,0.3494643679005094,0.5671459436416626,0.07458442188972307,9.38981728008381,0.23244229466723557,,0.03263939432593542,0.3484401314043064,,,,,,,,ladmap,True,0.5,0.1,True,10.0,250.0,8.0,5.0,.basicpy_models
basicpy,basicpy__v21__hm_0,"Aufnahme-04_0,5Mio_nach_48h.jpg",1.9234232185261255,0.2585937783587724,0.7668002247810364,0.17231236622227009,7.3410763900082046,2.4910670190391198,,0.02358135435727919,0.43391912088143003,,,,,,,,ladmap,True,1.0,0.1,True,10.0,250.0,8.0,5.0,.basicpy_models
basicpy,basicpy__v22__hm_1,"Aufnahme-04_0,5Mio_nach_48h.jpg",4.477488860899124,0.3494643679005094,0.5671459436416626,0.07458442188972307,9.38981728008381,0.23244229466723557,,0.03263939432593542,0.3484401314043064,,,,,,,,ladmap,True,1.0,0.1,True,10.0,250.0,8.0,5.0,.basicpy_models
basicpy,basicpy__v23__hm_0,"Aufnahme-04_0,5Mio_nach_48h.jpg",1.9234232185261255,0.2585937783587724,0.7668002247810364,0.17231236622227009,7.3410763900082046,2.4910670190391198,,0.02358135435727919,0.43391912088143003,,,,,,,,ladmap,True,2.0,0.1,True,10.0,250.0,8.0,5.0,.basicpy_models
basicpy,basicpy__v24__hm_1,"Aufnahme-04_0,5Mio_nach_48h.jpg",4.477488860899124,0.3494643679005094,0.5671459436416626,0.07458442188972307,9.38981728008381,0.23244229466723557,,0.03263939432593542,0.3484401314043064,,,,,,,,ladmap,True,2.0,0.1,True,10.0,250.0,8.0,5.0,.basicpy_models
gaussian_background,gaussian_background__v1__hm_1,Aufnahme-04_2Mio_nach_48h.jpg,4.433168332161283,0.34535794687690213,0.66603684425354,0.143171484769271,6.463272776818423,0.2394922673005602,,0.03442863779381541,0.36831510573085735,10.0,subtract,,,,,,,,,,,,,,,
gaussian_background,gaussian_background__v2__hm_1,Aufnahme-04_2Mio_nach_48h.jpg,4.433168332161283,0.34535794687690213,0.66603684425354,0.143171484769271,6.463272776818423,0.2394922673005602,,0.03442863779381541,0.36831510573085735,20.0,subtract,,,,,,,,,,,,,,,
gaussian_background,gaussian_background__v3__hm_1,Aufnahme-04_2Mio_nach_48h.jpg,4.433168332161283,0.34535794687690213,0.66603684425354,0.143171484769271,6.463272776818423,0.2394922673005602,,0.03442863779381541,0.36831510573085735,30.0,subtract,,,,,,,,,,,,,,,
gaussian_background,gaussian_background__v4__hm_1,Aufnahme-04_2Mio_nach_48h.jpg,4.433168332161283,0.34535794687690213,0.66603684425354,0.143171484769271,6.463272776818423,0.2394922673005602,,0.03442863779381541,0.36831510573085735,40.0,subtract,,,,,,,,,,,,,,,
morphological_opening,morphological_opening__v1__hm_1,Aufnahme-04_2Mio_nach_48h.jpg,2.63485232562335,0.2869652131048497,0.7349448204040527,0.11776069234619858,9.048498042983946,0.5389225297249811,,0.023142301538048773,0.40313142700684695,,subtract,15.0,,,,,,,,,,,,,,
morphological_opening,morphological_opening__v2__hm_1,Aufnahme-04_2Mio_nach_48h.jpg,2.63485232562335,0.2869652131048497,0.7349448204040527,0.11776069234619858,9.048498042983946,0.5389225297249811,,0.023142301538048773,0.40313142700684695,,subtract,25.0,,,,,,,,,,,,,,
morphological_opening,morphological_opening__v3__hm_1,Aufnahme-04_2Mio_nach_48h.jpg,2.63485232562335,0.2869652131048497,0.7349448204040527,0.11776069234619858,9.048498042983946,0.5389225297249811,,0.023142301538048773,0.40313142700684695,,subtract,35.0,,,,,,,,,,,,,,
morphological_opening,morphological_opening__v4__hm_1,Aufnahme-04_2Mio_nach_48h.jpg,2.63485232562335,0.2869652131048497,0.7349448204040527,0.11776069234619858,9.048498042983946,0.5389225297249811,,0.023142301538048773,0.40313142700684695,,subtract,50.0,,,,,,,,,,,,,,
rolling_ball,rolling_ball__v1__hm_0,Aufnahme-04_2Mio_nach_48h.jpg,1.692014440384772,0.24066145159304142,0.8367965817451477,0.24888118696884082,5.798991429461338,1.9163943936775105,,0.027307084729430775,0.4600158804576403,,subtract,50.0,,,,,,,,,,,,,,
rolling_ball,rolling_ball__v2__hm_1,Aufnahme-04_2Mio_nach_48h.jpg,1.868966063916612,0.27358372492017224,0.5556154251098633,0.08957987291031042,8.622097006003456,0.40022615054136224,,0.029632790715258504,0.4004359835934283,,subtract,50.0,,,,,,,,,,,,,,
rolling_ball,rolling_ball__v3__hm_0,Aufnahme-04_2Mio_nach_48h.jpg,1.692014440384772,0.24066145159304142,0.8367965817451477,0.24888118696884082,5.798991429461338,1.9163943936775105,,0.027307084729430775,0.4600158804576403,,subtract,75.0,,,,,,,,,,,,,,
rolling_ball,rolling_ball__v4__hm_1,Aufnahme-04_2Mio_nach_48h.jpg,1.868966063916612,0.27358372492017224,0.5556154251098633,0.08957987291031042,8.622097006003456,0.40022615054136224,,0.029632790715258504,0.4004359835934283,,subtract,75.0,,,,,,,,,,,,,,
rolling_ball,rolling_ball__v5__hm_0,Aufnahme-04_2Mio_nach_48h.jpg,1.692014440384772,0.24066145159304142,0.8367965817451477,0.24888118696884082,5.798991429461338,1.9163943936775105,,0.027307084729430775,0.4600158804576403,,subtract,100.0,,,,,,,,,,,,,,
rolling_ball,rolling_ball__v6__hm_1,Aufnahme-04_2Mio_nach_48h.jpg,1.868966063916612,0.27358372492017224,0.5556154251098633,0.08957987291031042,8.622097006003456,0.40022615054136224,,0.029632790715258504,0.4004359835934283,,subtract,100.0,,,,,,,,,,,,,,
rolling_ball,rolling_ball__v7__hm_0,Aufnahme-04_2Mio_nach_48h.jpg,1.692014440384772,0.24066145159304142,0.8367965817451477,0.24888118696884082,5.798991429461338,1.9163943936775105,,0.027307084729430775,0.4600158804576403,,subtract,125.0,,,,,,,,,,,,,,
rolling_ball,rolling_ball__v8__hm_1,Aufnahme-04_2Mio_nach_48h.jpg,1.868966063916612,0.27358372492017224,0.5556154251098633,0.08957987291031042,8.622097006003456,0.40022615054136224,,0.029632790715258504,0.4004359835934283,,subtract,125.0,,,,,,,,,,,,,,
rolling_ball,rolling_ball__v9__hm_0,Aufnahme-04_2Mio_nach_48h.jpg,1.692014440384772,0.24066145159304142,0.8367965817451477,0.24888118696884082,5.798991429461338,1.9163943936775105,,0.027307084729430775,0.4600158804576403,,subtract,150.0,,,,,,,,,,,,,,
rolling_ball,rolling_ball__v10__hm_1,Aufnahme-04_2Mio_nach_48h.jpg,1.868966063916612,0.27358372492017224,0.5556154251098633,0.08957987291031042,8.622097006003456,0.40022615054136224,,0.029632790715258504,0.4004359835934283,,subtract,150.0,,,,,,,,,,,,,,
polynomial_fit,polynomial_fit__v1__hm_1,Aufnahme-04_2Mio_nach_48h.jpg,3.459223984488634,0.29270076734246686,0.6709036827087402,0.13656203356084348,7.621360972305072,0.33586392552341865,,0.030110527540827235,0.3816023266832189,,subtract,,2.0,True,2.5,5.0,,,,,,,,,,
polynomial_fit,polynomial_fit__v2__hm_1,Aufnahme-04_2Mio_nach_48h.jpg,3.459223984488634,0.29270076734246686,0.6709036827087402,0.13656203356084348,7.621360972305072,0.33586392552341865,,0.030110527540827235,0.3816023266832189,,subtract,,3.0,True,2.5,5.0,,,,,,,,,,
basicpy,basicpy__v1__hm_0,Aufnahme-04_2Mio_nach_48h.jpg,1.6102249364419778,0.24973776005208492,0.7750621438026428,0.22712538108261246,6.581675121667518,2.1135829300298554,,0.025392694726203213,0.45349137583697524,,,,,,,,approximate,False,0.5,0.1,True,10.0,250.0,8.0,5.0,.basicpy_models
basicpy,basicpy__v2__hm_1,Aufnahme-04_2Mio_nach_48h.jpg,4.456833118948606,0.3474034404498525,0.6633229851722717,0.14526518896683044,6.2994012985389025,0.23727095820107783,,0.03442622775837259,0.36797468450645426,,,,,,,,approximate,False,0.5,0.1,True,10.0,250.0,8.0,5.0,.basicpy_models
basicpy,basicpy__v3__hm_0,Aufnahme-04_2Mio_nach_48h.jpg,1.6102249364419778,0.24973776005208492,0.7750621438026428,0.22712538108261246,6.581675121667518,2.1135829300298554,,0.025392694726203213,0.45349137583697524,,,,,,,,approximate,False,1.0,0.1,True,10.0,250.0,8.0,5.0,.basicpy_models
basicpy,basicpy__v4__hm_1,Aufnahme-04_2Mio_nach_48h.jpg,4.456833118948606,0.3474034404498525,0.6633229851722717,0.14526518896683044,6.2994012985389025,0.23727095820107783,,0.03442622775837259,0.36797468450645426,,,,,,,,approximate,False,1.0,0.1,True,10.0,250.0,8.0,5.0,.basicpy_models
basicpy,basicpy__v5__hm_0,Aufnahme-04_2Mio_nach_48h.jpg,1.6102249364419778,0.24973776005208492,0.7750621438026428,0.22712538108261246,6.581675121667518,2.1135829300298554,,0.025392694726203213,0.45349137583697524,,,,,,,,approximate,False,2.0,0.1,True,10.0,250.0,8.0,5.0,.basicpy_models
basicpy,basicpy__v6__hm_1,Aufnahme-04_2Mio_nach_48h.jpg,4.456833118948606,0.3474034404498525,0.6633229851722717,0.14526518896683044,6.2994012985389025,0.23727095820107783,,0.03442622775837259,0.36797468450645426,,,,,,,,approximate,False,2.0,0.1,True,10.0,250.0,8.0,5.0,.basicpy_models
basicpy,basicpy__v7__hm_0,Aufnahme-04_2Mio_nach_48h.jpg,1.6102249364419778,0.24973776005208492,0.7750621438026428,0.22712538108261246,6.581675121667518,2.1135829300298554,,0.025392694726203213,0.45349137583697524,,,,,,,,approximate,True,0.5,0.1,True,10.0,250.0,8.0,5.0,.basicpy_models
basicpy,basicpy__v8__hm_1,Aufnahme-04_2Mio_nach_48h.jpg,4.456833118948606,0.3474034404498525,0.6633229851722717,0.14526518896683044,6.2994012985389025,0.23727095820107783,,0.03442622775837259,0.36797468450645426,,,,,,,,approximate,True,0.5,0.1,True,10.0,250.0,8.0,5.0,.basicpy_models
basicpy,basicpy__v9__hm_0,Aufnahme-04_2Mio_nach_48h.jpg,1.6102249364419778,0.24973776005208492,0.7750621438026428,0.22712538108261246,6.581675121667518,2.1135829300298554,,0.025392694726203213,0.45349137583697524,,,,,,,,approximate,True,1.0,0.1,True,10.0,250.0,8.0,5.0,.basicpy_models
basicpy,basicpy__v10__hm_1,Aufnahme-04_2Mio_nach_48h.jpg,4.456833118948606,0.3474034404498525,0.6633229851722717,0.14526518896683044,6.2994012985389025,0.23727095820107783,,0.03442622775837259,0.36797468450645426,,,,,,,,approximate,True,1.0,0.1,True,10.0,250.0,8.0,5.0,.basicpy_models
basicpy,basicpy__v11__hm_0,Aufnahme-04_2Mio_nach_48h.jpg,1.6102249364419778,0.24973776005208492,0.7750621438026428,0.22712538108261246,6.581675121667518,2.1135829300298554,,0.025392694726203213,0.45349137583697524,,,,,,,,approximate,True,2.0,0.1,True,10.0,250.0,8.0,5.0,.basicpy_models
basicpy,basicpy__v12__hm_1,Aufnahme-04_2Mio_nach_48h.jpg,4.456833118948606,0.3474034404498525,0.6633229851722717,0.14526518896683044,6.2994012985389025,0.23727095820107783,,0.03442622775837259,0.36797468450645426,,,,,,,,approximate,True,2.0,0.1,True,10.0,250.0,8.0,5.0,.basicpy_models
basicpy,basicpy__v13__hm_0,Aufnahme-04_2Mio_nach_48h.jpg,1.6102249364419778,0.24973776005208492,0.7750621438026428,0.22712538108261246,6.581675121667518,2.1135829300298554,,0.025392694726203213,0.45349137583697524,,,,,,,,ladmap,False,0.5,0.1,True,10.0,250.0,8.0,5.0,.basicpy_models
basicpy,basicpy__v14__hm_1,Aufnahme-04_2Mio_nach_48h.jpg,4.456833118948606,0.3474034404498525,0.6633229851722717,0.14526518896683044,6.2994012985389025,0.23727095820107783,,0.03442622775837259,0.36797468450645426,,,,,,,,ladmap,False,0.5,0.1,True,10.0,250.0,8.0,5.0,.basicpy_models
basicpy,basicpy__v15__hm_0,Aufnahme-04_2Mio_nach_48h.jpg,1.6102249364419778,0.24973776005208492,0.7750621438026428,0.22712538108261246,6.581675121667518,2.1135829300298554,,0.025392694726203213,0.45349137583697524,,,,,,,,ladmap,False,1.0,0.1,True,10.0,250.0,8.0,5.0,.basicpy_models
basicpy,basicpy__v16__hm_1,Aufnahme-04_2Mio_nach_48h.jpg,4.456833118948606,0.3474034404498525,0.6633229851722717,0.14526518896683044,6.2994012985389025,0.23727095820107783,,0.03442622775837259,0.36797468450645426,,,,,,,,ladmap,False,1.0,0.1,True,10.0,250.0,8.0,5.0,.basicpy_models
basicpy,basicpy__v17__hm_0,Aufnahme-04_2Mio_nach_48h.jpg,1.6102249364419778,0.24973776005208492,0.7750621438026428,0.22712538108261246,6.581675121667518,2.1135829300298554,,0.025392694726203213,0.45349137583697524,,,,,,,,ladmap,False,2.0,0.1,True,10.0,250.0,8.0,5.0,.basicpy_models
basicpy,basicpy__v18__hm_1,Aufnahme-04_2Mio_nach_48h.jpg,4.456833118948606,0.3474034404498525,0.6633229851722717,0.14526518896683044,6.2994012985389025,0.23727095820107783,,0.03442622775837259,0.36797468450645426,,,,,,,,ladmap,False,2.0,0.1,True,10.0,250.0,8.0,5.0,.basicpy_models
basicpy,basicpy__v19__hm_0,Aufnahme-04_2Mio_nach_48h.jpg,1.6102249364419778,0.24973776005208492,0.7750621438026428,0.22712538108261246,6.581675121667518,2.1135829300298554,,0.025392694726203213,0.45349137583697524,,,,,,,,ladmap,True,0.5,0.1,True,10.0,250.0,8.0,5.0,.basicpy_models
basicpy,basicpy__v20__hm_1,Aufnahme-04_2Mio_nach_48h.jpg,4.456833118948606,0.3474034404498525,0.6633229851722717,0.14526518896683044,6.2994012985389025,0.23727095820107783,,0.03442622775837259,0.36797468450645426,,,,,,,,ladmap,True,0.5,0.1,True,10.0,250.0,8.0,5.0,.basicpy_models
basicpy,basicpy__v21__hm_0,Aufnahme-04_2Mio_nach_48h.jpg,1.6102249364419778,0.24973776005208492,0.7750621438026428,0.22712538108261246,6.581675121667518,2.1135829300298554,,0.025392694726203213,0.45349137583697524,,,,,,,,ladmap,True,1.0,0.1,True,10.0,250.0,8.0,5.0,.basicpy_models
basicpy,basicpy__v22__hm_1,Aufnahme-04_2Mio_nach_48h.jpg,4.456833118948606,0.3474034404498525,0.6633229851722717,0.14526518896683044,6.2994012985389025,0.23727095820107783,,0.03442622775837259,0.36797468450645426,,,,,,,,ladmap,True,1.0,0.1,True,10.0,250.0,8.0,5.0,.basicpy_models
basicpy,basicpy__v23__hm_0,Aufnahme-04_2Mio_nach_48h.jpg,1.6102249364419778,0.24973776005208492,0.7750621438026428,0.22712538108261246,6.581675121667518,2.1135829300298554,,0.025392694726203213,0.45349137583697524,,,,,,,,ladmap,True,2.0,0.1,True,10.0,250.0,8.0,5.0,.basicpy_models
basicpy,basicpy__v24__hm_1,Aufnahme-04_2Mio_nach_48h.jpg,4.456833118948606,0.3474034404498525,0.6633229851722717,0.14526518896683044,6.2994012985389025,0.23727095820107783,,0.03442622775837259,0.36797468450645426,,,,,,,,ladmap,True,2.0,0.1,True,10.0,250.0,8.0,5.0,.basicpy_models
gaussian_background,gaussian_background__v1__hm_1,"Aufnahme-05_0,5Mio_nach_48h.jpg",4.477490330804239,0.3494644014281221,0.5456030368804932,0.06804062825582835,9.983732635850222,0.23281941633962505,,0.0369033683392967,0.3447651100611937,10.0,subtract,,,,,,,,,,,,,,,
gaussian_background,gaussian_background__v2__hm_1,"Aufnahme-05_0,5Mio_nach_48h.jpg",4.477490330804239,0.3494644014281221,0.5456030368804932,0.06804062825582835,9.983732635850222,0.23281941633962505,,0.0369033683392967,0.3447651100611937,20.0,subtract,,,,,,,,,,,,,,,
gaussian_background,gaussian_background__v3__hm_1,"Aufnahme-05_0,5Mio_nach_48h.jpg",4.477490330804239,0.3494644014281221,0.5456030368804932,0.06804062825582835,9.983732635850222,0.23281941633962505,,0.0369033683392967,0.3447651100611937,30.0,subtract,,,,,,,,,,,,,,,
gaussian_background,gaussian_background__v4__hm_1,"Aufnahme-05_0,5Mio_nach_48h.jpg",4.477490330804239,0.3494644014281221,0.5456030368804932,0.06804062825582835,9.983732635850222,0.23281941633962505,,0.0369033683392967,0.3447651100611937,40.0,subtract,,,,,,,,,,,,,,,
morphological_opening,morphological_opening__v1__hm_1,"Aufnahme-05_0,5Mio_nach_48h.jpg",2.9216916137176425,0.29900321303284727,0.5927038788795471,0.05415380151155558,16.016964929222063,0.5143402680709254,,0.02908596114017177,0.3722317431346672,,subtract,15.0,,,,,,,,,,,,,,
morphological_opening,morphological_opening__v2__hm_1,"Aufnahme-05_0,5Mio_nach_48h.jpg",2.9216916137176425,0.29900321303284727,0.5927038788795471,0.05415380151155558,16.016964929222063,0.5143402680709254,,0.02908596114017177,0.3722317431346672,,subtract,25.0,,,,,,,,,,,,,,
morphological_opening,morphological_opening__v3__hm_1,"Aufnahme-05_0,5Mio_nach_48h.jpg",2.9216916137176425,0.29900321303284727,0.5927038788795471,0.05415380151155558,16.016964929222063,0.5143402680709254,,0.02908596114017177,0.3722317431346672,,subtract,35.0,,,,,,,,,,,,,,
morphological_opening,morphological_opening__v4__hm_1,"Aufnahme-05_0,5Mio_nach_48h.jpg",2.9216916137176425,0.29900321303284727,0.5927038788795471,0.05415380151155558,16.016964929222063,0.5143402680709254,,0.02908596114017177,0.3722317431346672,,subtract,50.0,,,,,,,,,,,,,,
rolling_ball,rolling_ball__v1__hm_0,"Aufnahme-05_0,5Mio_nach_48h.jpg",2.147734488339713,0.2635115423472598,0.7940218448638916,0.3009335096407331,6.103178241812487,2.7725049397508603,,0.02105353664608723,0.44495132052861364,,subtract,50.0,,,,,,,,,,,,,,
rolling_ball,rolling_ball__v2__hm_1,"Aufnahme-05_0,5Mio_nach_48h.jpg",4.300871138132822,0.3152498340350576,0.42899560928344727,0.039251818334372815,12.160735748966562,0.31711436636740714,,0.031126683101476454,0.33059742211429854,,subtract,50.0,,,,,,,,,,,,,,
rolling_ball,rolling_ball__v3__hm_0,"Aufnahme-05_0,5Mio_nach_48h.jpg",2.147734488339713,0.2635115423472598,0.7940218448638916,0.3009335096407331,6.103178241812487,2.7725049397508603,,0.02105353664608723,0.44495132052861364,,subtract,75.0,,,,,,,,,,,,,,
rolling_ball,rolling_ball__v4__hm_1,"Aufnahme-05_0,5Mio_nach_48h.jpg",4.300871138132822,0.3152498340350576,0.42899560928344727,0.039251818334372815,12.160735748966562,0.31711436636740714,,0.031126683101476454,0.33059742211429854,,subtract,75.0,,,,,,,,,,,,,,
rolling_ball,rolling_ball__v5__hm_0,"Aufnahme-05_0,5Mio_nach_48h.jpg",2.147734488339713,0.2635115423472598,0.7940218448638916,0.3009335096407331,6.103178241812487,2.7725049397508603,,0.02105353664608723,0.44495132052861364,,subtract,100.0,,,,,,,,,,,,,,
rolling_ball,rolling_ball__v6__hm_1,"Aufnahme-05_0,5Mio_nach_48h.jpg",4.300871138132822,0.3152498340350576,0.42899560928344727,0.039251818334372815,12.160735748966562,0.31711436636740714,,0.031126683101476454,0.33059742211429854,,subtract,100.0,,,,,,,,,,,,,,
rolling_ball,rolling_ball__v7__hm_0,"Aufnahme-05_0,5Mio_nach_48h.jpg",2.147734488339713,0.2635115423472598,0.7940218448638916,0.3009335096407331,6.103178241812487,2.7725049397508603,,0.02105353664608723,0.44495132052861364,,subtract,125.0,,,,,,,,,,,,,,
rolling_ball,rolling_ball__v8__hm_1,"Aufnahme-05_0,5Mio_nach_48h.jpg",4.300871138132822,0.3152498340350576,0.42899560928344727,0.039251818334372815,12.160735748966562,0.31711436636740714,,0.031126683101476454,0.33059742211429854,,subtract,125.0,,,,,,,,,,,,,,
rolling_ball,rolling_ball__v9__hm_0,"Aufnahme-05_0,5Mio_nach_48h.jpg",2.147734488339713,0.2635115423472598,0.7940218448638916,0.3009335096407331,6.103178241812487,2.7725049397508603,,0.02105353664608723,0.44495132052861364,,subtract,150.0,,,,,,,,,,,,,,
rolling_ball,rolling_ball__v10__hm_1,"Aufnahme-05_0,5Mio_nach_48h.jpg",4.300871138132822,0.3152498340350576,0.42899560928344727,0.039251818334372815,12.160735748966562,0.31711436636740714,,0.031126683101476454,0.33059742211429854,,subtract,150.0,,,,,,,,,,,,,,
polynomial_fit,polynomial_fit__v1__hm_1,"Aufnahme-05_0,5Mio_nach_48h.jpg",3.591818437016092,0.29755086061777547,0.5731402635574341,0.06782991387671859,10.603887974250107,0.32432841887430114,,0.03016830235411738,0.3601019126931706,,subtract,,2.0,True,2.5,5.0,,,,,,,,,,
polynomial_fit,polynomial_fit__v2__hm_1,"Aufnahme-05_0,5Mio_nach_48h.jpg",3.591818437016092,0.29755086061777547,0.5731402635574341,0.06782991387671859,10.603887974250107,0.32432841887430114,,0.03016830235411738,0.3601019126931706,,subtract,,3.0,True,2.5,5.0,,,,,,,,,,
basicpy,basicpy__v1__hm_0,"Aufnahme-05_0,5Mio_nach_48h.jpg",2.0222109024139967,0.2597387322457507,0.7554337978363037,0.1777927434967223,7.127138609606838,2.5853542208970466,,0.0223477352755903,0.43000110122798296,,,,,,,,approximate,False,0.5,0.1,True,10.0,250.0,8.0,5.0,.basicpy_models
basicpy,basicpy__v2__hm_1,"Aufnahme-05_0,5Mio_nach_48h.jpg",4.501353300744528,0.3515404796344228,0.5412065982818604,0.06823760714215175,9.652310126834303,0.2291890427555322,,0.03642785747838792,0.344053218950499,,,,,,,,approximate,False,0.5,0.1,True,10.0,250.0,8.0,5.0,.basicpy_models
basicpy,basicpy__v3__hm_0,"Aufnahme-05_0,5Mio_nach_48h.jpg",2.0222109024139967,0.2597387322457507,0.7554337978363037,0.1777927434967223,7.127138609606838,2.5853542208970466,,0.0223477352755903,0.43000110122798296,,,,,,,,approximate,False,1.0,0.1,True,10.0,250.0,8.0,5.0,.basicpy_models
basicpy,basicpy__v4__hm_1,"Aufnahme-05_0,5Mio_nach_48h.jpg",4.501353300744528,0.3515404796344228,0.5412065982818604,0.06823760714215175,9.652310126834303,0.2291890427555322,,0.03642785747838792,0.344053218950499,,,,,,,,approximate,False,1.0,0.1,True,10.0,250.0,8.0,5.0,.basicpy_models
basicpy,basicpy__v5__hm_0,"Aufnahme-05_0,5Mio_nach_48h.jpg",2.0222109024139967,0.2597387322457507,0.7554337978363037,0.1777927434967223,7.127138609606838,2.5853542208970466,,0.0223477352755903,0.43000110122798296,,,,,,,,approximate,False,2.0,0.1,True,10.0,250.0,8.0,5.0,.basicpy_models
basicpy,basicpy__v6__hm_1,"Aufnahme-05_0,5Mio_nach_48h.jpg",4.501353300744528,0.3515404796344228,0.5412065982818604,0.06823760714215175,9.652310126834303,0.2291890427555322,,0.03642785747838792,0.344053218950499,,,,,,,,approximate,False,2.0,0.1,True,10.0,250.0,8.0,5.0,.basicpy_models
basicpy,basicpy__v7__hm_0,"Aufnahme-05_0,5Mio_nach_48h.jpg",2.0222109024139967,0.2597387322457507,0.7554337978363037,0.1777927434967223,7.127138609606838,2.5853542208970466,,0.0223477352755903,0.43000110122798296,,,,,,,,approximate,True,0.5,0.1,True,10.0,250.0,8.0,5.0,.basicpy_models
basicpy,basicpy__v8__hm_1,"Aufnahme-05_0,5Mio_nach_48h.jpg",4.501353300744528,0.3515404796344228,0.5412065982818604,0.06823760714215175,9.652310126834303,0.2291890427555322,,0.03642785747838792,0.344053218950499,,,,,,,,approximate,True,0.5,0.1,True,10.0,250.0,8.0,5.0,.basicpy_models
basicpy,basicpy__v9__hm_0,"Aufnahme-05_0,5Mio_nach_48h.jpg",2.0222109024139967,0.2597387322457507,0.7554337978363037,0.1777927434967223,7.127138609606838,2.5853542208970466,,0.0223477352755903,0.43000110122798296,,,,,,,,approximate,True,1.0,0.1,True,10.0,250.0,8.0,5.0,.basicpy_models
basicpy,basicpy__v10__hm_1,"Aufnahme-05_0,5Mio_nach_48h.jpg",4.501353300744528,0.3515404796344228,0.5412065982818604,0.06823760714215175,9.652310126834303,0.2291890427555322,,0.03642785747838792,0.344053218950499,,,,,,,,approximate,True,1.0,0.1,True,10.0,250.0,8.0,5.0,.basicpy_models
basicpy,basicpy__v11__hm_0,"Aufnahme-05_0,5Mio_nach_48h.jpg",2.0222109024139967,0.2597387322457507,0.7554337978363037,0.1777927434967223,7.127138609606838,2.5853542208970466,,0.0223477352755903,0.43000110122798296,,,,,,,,approximate,True,2.0,0.1,True,10.0,250.0,8.0,5.0,.basicpy_models
basicpy,basicpy__v12__hm_1,"Aufnahme-05_0,5Mio_nach_48h.jpg",4.501353300744528,0.3515404796344228,0.5412065982818604,0.06823760714215175,9.652310126834303,0.2291890427555322,,0.03642785747838792,0.344053218950499,,,,,,,,approximate,True,2.0,0.1,True,10.0,250.0,8.0,5.0,.basicpy_models
basicpy,basicpy__v13__hm_0,"Aufnahme-05_0,5Mio_nach_48h.jpg",2.0222109024139967,0.2597387322457507,0.7554337978363037,0.1777927434967223,7.127138609606838,2.5853542208970466,,0.0223477352755903,0.43000110122798296,,,,,,,,ladmap,False,0.5,0.1,True,10.0,250.0,8.0,5.0,.basicpy_models
basicpy,basicpy__v14__hm_1,"Aufnahme-05_0,5Mio_nach_48h.jpg",4.501353300744528,0.3515404796344228,0.5412065982818604,0.06823760714215175,9.652310126834303,0.2291890427555322,,0.03642785747838792,0.344053218950499,,,,,,,,ladmap,False,0.5,0.1,True,10.0,250.0,8.0,5.0,.basicpy_models
basicpy,basicpy__v15__hm_0,"Aufnahme-05_0,5Mio_nach_48h.jpg",2.0222109024139967,0.2597387322457507,0.7554337978363037,0.1777927434967223,7.127138609606838,2.5853542208970466,,0.0223477352755903,0.43000110122798296,,,,,,,,ladmap,False,1.0,0.1,True,10.0,250.0,8.0,5.0,.basicpy_models
basicpy,basicpy__v16__hm_1,"Aufnahme-05_0,5Mio_nach_48h.jpg",4.501353300744528,0.3515404796344228,0.5412065982818604,0.06823760714215175,9.652310126834303,0.2291890427555322,,0.03642785747838792,0.344053218950499,,,,,,,,ladmap,False,1.0,0.1,True,10.0,250.0,8.0,5.0,.basicpy_models
basicpy,basicpy__v17__hm_0,"Aufnahme-05_0,5Mio_nach_48h.jpg",2.0222109024139967,0.2597387322457507,0.7554337978363037,0.1777927434967223,7.127138609606838,2.5853542208970466,,0.0223477352755903,0.43000110122798296,,,,,,,,ladmap,False,2.0,0.1,True,10.0,250.0,8.0,5.0,.basicpy_models
basicpy,basicpy__v18__hm_1,"Aufnahme-05_0,5Mio_nach_48h.jpg",4.501353300744528,0.3515404796344228,0.5412065982818604,0.06823760714215175,9.652310126834303,0.2291890427555322,,0.03642785747838792,0.344053218950499,,,,,,,,ladmap,False,2.0,0.1,True,10.0,250.0,8.0,5.0,.basicpy_models
basicpy,basicpy__v19__hm_0,"Aufnahme-05_0,5Mio_nach_48h.jpg",2.0222109024139967,0.2597387322457507,0.7554337978363037,0.1777927434967223,7.127138609606838,2.5853542208970466,,0.0223477352755903,0.43000110122798296,,,,,,,,ladmap,True,0.5,0.1,True,10.0,250.0,8.0,5.0,.basicpy_models
basicpy,basicpy__v20__hm_1,"Aufnahme-05_0,5Mio_nach_48h.jpg",4.501353300744528,0.3515404796344228,0.5412065982818604,0.06823760714215175,9.652310126834303,0.2291890427555322,,0.03642785747838792,0.344053218950499,,,,,,,,ladmap,True,0.5,0.1,True,10.0,250.0,8.0,5.0,.basicpy_models
basicpy,basicpy__v21__hm_0,"Aufnahme-05_0,5Mio_nach_48h.jpg",2.0222109024139967,0.2597387322457507,0.7554337978363037,0.1777927434967223,7.127138609606838,2.5853542208970466,,0.0223477352755903,0.43000110122798296,,,,,,,,ladmap,True,1.0,0.1,True,10.0,250.0,8.0,5.0,.basicpy_models
basicpy,basicpy__v22__hm_1,"Aufnahme-05_0,5Mio_nach_48h.jpg",4.501353300744528,0.3515404796344228,0.5412065982818604,0.06823760714215175,9.652310126834303,0.2291890427555322,,0.03642785747838792,0.344053218950499,,,,,,,,ladmap,True,1.0,0.1,True,10.0,250.0,8.0,5.0,.basicpy_models
basicpy,basicpy__v23__hm_0,"Aufnahme-05_0,5Mio_nach_48h.jpg",2.0222109024139967,0.2597387322457507,0.7554337978363037,0.1777927434967223,7.127138609606838,2.5853542208970466,,0.0223477352755903,0.43000110122798296,,,,,,,,ladmap,True,2.0,0.1,True,10.0,250.0,8.0,5.0,.basicpy_models
basicpy,basicpy__v24__hm_1,"Aufnahme-05_0,5Mio_nach_48h.jpg",4.501353300744528,0.3515404796344228,0.5412065982818604,0.06823760714215175,9.652310126834303,0.2291890427555322,,0.03642785747838792,0.344053218950499,,,,,,,,ladmap,True,2.0,0.1,True,10.0,250.0,8.0,5.0,.basicpy_models
gaussian_background,gaussian_background__v1__hm_1,Aufnahme-05_2Mio_nach_48h.jpg,4.64631017323534,0.36650203895987943,0.6561785936355591,0.16394264712656234,5.3673207766334095,0.20753832260790478,,0.04155605037795657,0.36656670914949974,10.0,subtract,,,,,,,,,,,,,,,
gaussian_background,gaussian_background__v2__hm_1,Aufnahme-05_2Mio_nach_48h.jpg,4.64631017323534,0.36650203895987943,0.6561785936355591,0.16394264712656234,5.3673207766334095,0.20753832260790478,,0.04155605037795657,0.36656670914949974,20.0,subtract,,,,,,,,,,,,,,,
gaussian_background,gaussian_background__v3__hm_1,Aufnahme-05_2Mio_nach_48h.jpg,4.64631017323534,0.36650203895987943,0.6561785936355591,0.16394264712656234,5.3673207766334095,0.20753832260790478,,0.04155605037795657,0.36656670914949974,30.0,subtract,,,,,,,,,,,,,,,
gaussian_background,gaussian_background__v4__hm_1,Aufnahme-05_2Mio_nach_48h.jpg,4.64631017323534,0.36650203895987943,0.6561785936355591,0.16394264712656234,5.3673207766334095,0.20753832260790478,,0.04155605037795657,0.36656670914949974,40.0,subtract,,,,,,,,,,,,,,,
morphological_opening,morphological_opening__v1__hm_1,Aufnahme-05_2Mio_nach_48h.jpg,2.5485716153080173,0.2886523598281201,0.6862320303916931,0.11210363495732385,9.001217112880592,0.5387155642233354,,0.03014951738406223,0.3980908872973311,,subtract,15.0,,,,,,,,,,,,,,
morphological_opening,morphological_opening__v2__hm_1,Aufnahme-05_2Mio_nach_48h.jpg,2.5485716153080173,0.2886523598281201,0.6862320303916931,0.11210363495732385,9.001217112880592,0.5387155642233354,,0.03014951738406223,0.3980908872973311,,subtract,25.0,,,,,,,,,,,,,,
morphological_opening,morphological_opening__v3__hm_1,Aufnahme-05_2Mio_nach_48h.jpg,2.5485716153080173,0.2886523598281201,0.6862320303916931,0.11210363495732385,9.001217112880592,0.5387155642233354,,0.03014951738406223,0.3980908872973311,,subtract,35.0,,,,,,,,,,,,,,
morphological_opening,morphological_opening__v4__hm_1,Aufnahme-05_2Mio_nach_48h.jpg,2.5485716153080173,0.2886523598281201,0.6862320303916931,0.11210363495732385,9.001217112880592,0.5387155642233354,,0.03014951738406223,0.3980908872973311,,subtract,50.0,,,,,,,,,,,,,,
rolling_ball,rolling_ball__v1__hm_0,Aufnahme-05_2Mio_nach_48h.jpg,1.7159021919353108,0.24521648057270795,0.8461647629737854,0.29837807606237476,4.978848224418011,2.0191900743949796,,0.026035459685852462,0.4658577555506114,,subtract,50.0,,,,,,,,,,,,,,
rolling_ball,rolling_ball__v2__hm_1,Aufnahme-05_2Mio_nach_48h.jpg,1.543906314867095,0.26891837996663526,0.5214317440986633,0.08429724682198822,8.34148643162872,0.41202516890165186,,0.03105428545483802,0.40875323204005837,,subtract,50.0,,,,,,,,,,,,,,
rolling_ball,rolling_ball__v3__hm_0,Aufnahme-05_2Mio_nach_48h.jpg,1.7159021919353108,0.24521648057270795,0.8461647629737854,0.29837807606237476,4.978848224418011,2.0191900743949796,,0.026035459685852462,0.4658577555506114,,subtract,75.0,,,,,,,,,,,,,,
rolling_ball,rolling_ball__v4__hm_1,Aufnahme-05_2Mio_nach_48h.jpg,1.543906314867095,0.26891837996663526,0.5214317440986633,0.08429724682198822,8.34148643162872,0.41202516890165186,,0.03105428545483802,0.40875323204005837,,subtract,75.0,,,,,,,,,,,,,,
rolling_ball,rolling_ball__v5__hm_0,Aufnahme-05_2Mio_nach_48h.jpg,1.7159021919353108,0.24521648057270795,0.8461647629737854,0.29837807606237476,4.978848224418011,2.0191900743949796,,0.026035459685852462,0.4658577555506114,,subtract,100.0,,,,,,,,,,,,,,
rolling_ball,rolling_ball__v6__hm_1,Aufnahme-05_2Mio_nach_48h.jpg,1.543906314867095,0.26891837996663526,0.5214317440986633,0.08429724682198822,8.34148643162872,0.41202516890165186,,0.03105428545483802,0.40875323204005837,,subtract,100.0,,,,,,,,,,,,,,
rolling_ball,rolling_ball__v7__hm_0,Aufnahme-05_2Mio_nach_48h.jpg,1.7159021919353108,0.24521648057270795,0.8461647629737854,0.29837807606237476,4.978848224418011,2.0191900743949796,,0.026035459685852462,0.4658577555506114,,subtract,125.0,,,,,,,,,,,,,,
rolling_ball,rolling_ball__v8__hm_1,Aufnahme-05_2Mio_nach_48h.jpg,1.543906314867095,0.26891837996663526,0.5214317440986633,0.08429724682198822,8.34148643162872,0.41202516890165186,,0.03105428545483802,0.40875323204005837,,subtract,125.0,,,,,,,,,,,,,,
rolling_ball,rolling_ball__v9__hm_0,Aufnahme-05_2Mio_nach_48h.jpg,1.7159021919353108,0.24521648057270795,0.8461647629737854,0.29837807606237476,4.978848224418011,2.0191900743949796,,0.026035459685852462,0.4658577555506114,,subtract,150.0,,,,,,,,,,,,,,
rolling_ball,rolling_ball__v10__hm_1,Aufnahme-05_2Mio_nach_48h.jpg,1.543906314867095,0.26891837996663526,0.5214317440986633,0.08429724682198822,8.34148643162872,0.41202516890165186,,0.03105428545483802,0.40875323204005837,,subtract,150.0,,,,,,,,,,,,,,
polynomial_fit,polynomial_fit__v1__hm_1,Aufnahme-05_2Mio_nach_48h.jpg,3.5918179046808465,0.2975507451337762,0.6498395800590515,0.13575804949807166,7.066494707147454,0.3260605279798189,,0.03633454276991321,0.37639754472575965,,subtract,,2.0,True,2.5,5.0,,,,,,,,,,
polynomial_fit,polynomial_fit__v2__hm_1,Aufnahme-05_2Mio_nach_48h.jpg,3.5918179046808465,0.2975507451337762,0.6498395800590515,0.13575804949807166,7.066494707147454,0.3260605279798189,,0.03633454276991321,0.37639754472575965,,subtract,,3.0,True,2.5,5.0,,,,,,,,,,
basicpy,basicpy__v1__hm_0,Aufnahme-05_2Mio_nach_48h.jpg,1.6703169036585366,0.25470816635061055,0.7922038435935974,0.2842095985189486,5.614681197207918,2.3084931617193645,,0.031199000057779695,0.4588798217908068,,,,,,,,approximate,False,0.5,0.1,True,10.0,250.0,8.0,5.0,.basicpy_models
basicpy,basicpy__v2__hm_1,Aufnahme-05_2Mio_nach_48h.jpg,4.71602662713454,0.37538844329537824,0.6556786298751831,0.16877765697369201,5.0450250917762585,0.19790023112167768,,0.041679949985713116,0.36630992275625995,,,,,,,,approximate,False,0.5,0.1,True,10.0,250.0,8.0,5.0,.basicpy_models
basicpy,basicpy__v3__hm_0,Aufnahme-05_2Mio_nach_48h.jpg,1.6703169036585366,0.25470816635061055,0.7922038435935974,0.2842095985189486,5.614681197207918,2.3084931617193645,,0.031199000057779695,0.4588798217908068,,,,,,,,approximate,False,1.0,0.1,True,10.0,250.0,8.0,5.0,.basicpy_models
basicpy,basicpy__v4__hm_1,Aufnahme-05_2Mio_nach_48h.jpg,4.71602662713454,0.37538844329537824,0.6556786298751831,0.16877765697369201,5.0450250917762585,0.19790023112167768,,0.041679949985713116,0.36630992275625995,,,,,,,,approximate,False,1.0,0.1,True,10.0,250.0,8.0,5.0,.basicpy_models
basicpy,basicpy__v5__hm_0,Aufnahme-05_2Mio_nach_48h.jpg,1.6703169036585366,0.25470816635061055,0.7922038435935974,0.2842095985189486,5.614681197207918,2.3084931617193645,,0.031199000057779695,0.4588798217908068,,,,,,,,approximate,False,2.0,0.1,True,10.0,250.0,8.0,5.0,.basicpy_models
basicpy,basicpy__v6__hm_1,Aufnahme-05_2Mio_nach_48h.jpg,4.71602662713454,0.37538844329537824,0.6556786298751831,0.16877765697369201,5.0450250917762585,0.19790023112167768,,0.041679949985713116,0.36630992275625995,,,,,,,,approximate,False,2.0,0.1,True,10.0,250.0,8.0,5.0,.basicpy_models
basicpy,basicpy__v7__hm_0,Aufnahme-05_2Mio_nach_48h.jpg,1.6703169036585366,0.25470816635061055,0.7922038435935974,0.2842095985189486,5.614681197207918,2.3084931617193645,,0.031199000057779695,0.4588798217908068,,,,,,,,approximate,True,0.5,0.1,True,10.0,250.0,8.0,5.0,.basicpy_models
basicpy,basicpy__v8__hm_1,Aufnahme-05_2Mio_nach_48h.jpg,4.71602662713454,0.37538844329537824,0.6556786298751831,0.16877765697369201,5.0450250917762585,0.19790023112167768,,0.041679949985713116,0.36630992275625995,,,,,,,,approximate,True,0.5,0.1,True,10.0,250.0,8.0,5.0,.basicpy_models
basicpy,basicpy__v9__hm_0,Aufnahme-05_2Mio_nach_48h.jpg,1.6703169036585366,0.25470816635061055,0.7922038435935974,0.2842095985189486,5.614681197207918,2.3084931617193645,,0.031199000057779695,0.4588798217908068,,,,,,,,approximate,True,1.0,0.1,True,10.0,250.0,8.0,5.0,.basicpy_models
basicpy,basicpy__v10__hm_1,Aufnahme-05_2Mio_nach_48h.jpg,4.71602662713454,0.37538844329537824,0.6556786298751831,0.16877765697369201,5.0450250917762585,0.19790023112167768,,0.041679949985713116,0.36630992275625995,,,,,,,,approximate,True,1.0,0.1,True,10.0,250.0,8.0,5.0,.basicpy_models
basicpy,basicpy__v11__hm_0,Aufnahme-05_2Mio_nach_48h.jpg,1.6703169036585366,0.25470816635061055,0.7922038435935974,0.2842095985189486,5.614681197207918,2.3084931617193645,,0.031199000057779695,0.4588798217908068,,,,,,,,approximate,True,2.0,0.1,True,10.0,250.0,8.0,5.0,.basicpy_models
basicpy,basicpy__v12__hm_1,Aufnahme-05_2Mio_nach_48h.jpg,4.71602662713454,0.37538844329537824,0.6556786298751831,0.16877765697369201,5.0450250917762585,0.19790023112167768,,0.041679949985713116,0.36630992275625995,,,,,,,,approximate,True,2.0,0.1,True,10.0,250.0,8.0,5.0,.basicpy_models
basicpy,basicpy__v13__hm_0,Aufnahme-05_2Mio_nach_48h.jpg,1.6703169036585366,0.25470816635061055,0.7922038435935974,0.2842095985189486,5.614681197207918,2.3084931617193645,,0.031199000057779695,0.4588798217908068,,,,,,,,ladmap,False,0.5,0.1,True,10.0,250.0,8.0,5.0,.basicpy_models
basicpy,basicpy__v14__hm_1,Aufnahme-05_2Mio_nach_48h.jpg,4.71602662713454,0.37538844329537824,0.6556786298751831,0.16877765697369201,5.0450250917762585,0.19790023112167768,,0.041679949985713116,0.36630992275625995,,,,,,,,ladmap,False,0.5,0.1,True,10.0,250.0,8.0,5.0,.basicpy_models
basicpy,basicpy__v15__hm_0,Aufnahme-05_2Mio_nach_48h.jpg,1.6703169036585366,0.25470816635061055,0.7922038435935974,0.2842095985189486,5.614681197207918,2.3084931617193645,,0.031199000057779695,0.4588798217908068,,,,,,,,ladmap,False,1.0,0.1,True,10.0,250.0,8.0,5.0,.basicpy_models
basicpy,basicpy__v16__hm_1,Aufnahme-05_2Mio_nach_48h.jpg,4.71602662713454,0.37538844329537824,0.6556786298751831,0.16877765697369201,5.0450250917762585,0.19790023112167768,,0.041679949985713116,0.36630992275625995,,,,,,,,ladmap,False,1.0,0.1,True,10.0,250.0,8.0,5.0,.basicpy_models
basicpy,basicpy__v17__hm_0,Aufnahme-05_2Mio_nach_48h.jpg,1.6703169036585366,0.25470816635061055,0.7922038435935974,0.2842095985189486,5.614681197207918,2.3084931617193645,,0.031199000057779695,0.4588798217908068,,,,,,,,ladmap,False,2.0,0.1,True,10.0,250.0,8.0,5.0,.basicpy_models
basicpy,basicpy__v18__hm_1,Aufnahme-05_2Mio_nach_48h.jpg,4.71602662713454,0.37538844329537824,0.6556786298751831,0.16877765697369201,5.0450250917762585,0.19790023112167768,,0.041679949985713116,0.36630992275625995,,,,,,,,ladmap,False,2.0,0.1,True,10.0,250.0,8.0,5.0,.basicpy_models
basicpy,basicpy__v19__hm_0,Aufnahme-05_2Mio_nach_48h.jpg,1.6703169036585366,0.25470816635061055,0.7922038435935974,0.2842095985189486,5.614681197207918,2.3084931617193645,,0.031199000057779695,0.4588798217908068,,,,,,,,ladmap,True,0.5,0.1,True,10.0,250.0,8.0,5.0,.basicpy_models
basicpy,basicpy__v20__hm_1,Aufnahme-05_2Mio_nach_48h.jpg,4.71602662713454,0.37538844329537824,0.6556786298751831,0.16877765697369201,5.0450250917762585,0.19790023112167768,,0.041679949985713116,0.36630992275625995,,,,,,,,ladmap,True,0.5,0.1,True,10.0,250.0,8.0,5.0,.basicpy_models
basicpy,basicpy__v21__hm_0,Aufnahme-05_2Mio_nach_48h.jpg,1.6703169036585366,0.25470816635061055,0.7922038435935974,0.2842095985189486,5.614681197207918,2.3084931617193645,,0.031199000057779695,0.4588798217908068,,,,,,,,ladmap,True,1.0,0.1,True,10.0,250.0,8.0,5.0,.basicpy_models
basicpy,basicpy__v22__hm_1,Aufnahme-05_2Mio_nach_48h.jpg,4.71602662713454,0.37538844329537824,0.6556786298751831,0.16877765697369201,5.0450250917762585,0.19790023112167768,,0.041679949985713116,0.36630992275625995,,,,,,,,ladmap,True,1.0,0.1,True,10.0,250.0,8.0,5.0,.basicpy_models
basicpy,basicpy__v23__hm_0,Aufnahme-05_2Mio_nach_48h.jpg,1.6703169036585366,0.25470816635061055,0.7922038435935974,0.2842095985189486,5.614681197207918,2.3084931617193645,,0.031199000057779695,0.4588798217908068,,,,,,,,ladmap,True,2.0,0.1,True,10.0,250.0,8.0,5.0,.basicpy_models
basicpy,basicpy__v24__hm_1,Aufnahme-05_2Mio_nach_48h.jpg,4.71602662713454,0.37538844329537824,0.6556786298751831,0.16877765697369201,5.0450250917762585,0.19790023112167768,,0.041679949985713116,0.36630992275625995,,,,,,,,ladmap,True,2.0,0.1,True,10.0,250.0,8.0,5.0,.basicpy_models
gaussian_background,gaussian_background__v1__hm_1,"Aufnahme-06_0,5Mio_nach_48h.jpg",4.5013561907279644,0.35154039022745565,0.5526549816131592,0.06515143095296011,9.81736082698047,0.23105129111597275,,0.034416813880878534,0.3452163613020084,10.0,subtract,,,,,,,,,,,,,,,
gaussian_background,gaussian_background__v2__hm_1,"Aufnahme-06_0,5Mio_nach_48h.jpg",4.5013561907279644,0.35154039022745565,0.5526549816131592,0.06515143095296011,9.81736082698047,0.23105129111597275,,0.034416813880878534,0.3452163613020084,20.0,subtract,,,,,,,,,,,,,,,
gaussian_background,gaussian_background__v3__hm_1,"Aufnahme-06_0,5Mio_nach_48h.jpg",4.5013561907279644,0.35154039022745565,0.5526549816131592,0.06515143095296011,9.81736082698047,0.23105129111597275,,0.034416813880878534,0.3452163613020084,30.0,subtract,,,,,,,,,,,,,,,
gaussian_background,gaussian_background__v4__hm_1,"Aufnahme-06_0,5Mio_nach_48h.jpg",4.5013561907279644,0.35154039022745565,0.5526549816131592,0.06515143095296011,9.81736082698047,0.23105129111597275,,0.034416813880878534,0.3452163613020084,40.0,subtract,,,,,,,,,,,,,,,
morphological_opening,morphological_opening__v1__hm_1,"Aufnahme-06_0,5Mio_nach_48h.jpg",3.550765829983011,0.3030221977678593,0.5868709683418274,0.044552475581834984,16.31864637501222,0.5130989524748936,,0.030161656300413286,0.35951350747122524,,subtract,15.0,,,,,,,,,,,,,,
morphological_opening,morphological_opening__v2__hm_1,"Aufnahme-06_0,5Mio_nach_48h.jpg",3.550765829983011,0.3030221977678593,0.5868709683418274,0.044552475581834984,16.31864637501222,0.5130989524748936,,0.030161656300413286,0.35951350747122524,,subtract,25.0,,,,,,,,,,,,,,
morphological_opening,morphological_opening__v3__hm_1,"Aufnahme-06_0,5Mio_nach_48h.jpg",3.550765829983011,0.3030221977678593,0.5868709683418274,0.044552475581834984,16.31864637501222,0.5130989524748936,,0.030161656300413286,0.35951350747122524,,subtract,35.0,,,,,,,,,,,,,,
morphological_opening,morphological_opening__v4__hm_1,"Aufnahme-06_0,5Mio_nach_48h.jpg",3.550765829983011,0.3030221977678593,0.5868709683418274,0.044552475581834984,16.31864637501222,0.5130989524748936,,0.030161656300413286,0.35951350747122524,,subtract,50.0,,,,,,,,,,,,,,
rolling_ball,rolling_ball__v1__hm_0,"Aufnahme-06_0,5Mio_nach_48h.jpg",2.145293112088974,0.26198354666121304,0.8054894208908081,0.27606594656029426,6.017301614417882,2.6391334269997846,,0.02224376947730942,0.4433934840584073,,subtract,50.0,,,,,,,,,,,,,,
rolling_ball,rolling_ball__v2__hm_1,"Aufnahme-06_0,5Mio_nach_48h.jpg",4.1840019576964576,0.31012748909415677,0.43825826048851013,0.03398636470490221,12.087821129955016,0.3234781576160362,,0.034177470429482104,0.33216143548258414,,subtract,50.0,,,,,,,,,,,,,,
rolling_ball,rolling_ball__v3__hm_0,"Aufnahme-06_0,5Mio_nach_48h.jpg",2.145293112088974,0.26198354666121304,0.8054894208908081,0.27606594656029426,6.017301614417882,2.6391334269997846,,0.02224376947730942,0.4433934840584073,,subtract,75.0,,,,,,,,,,,,,,
rolling_ball,rolling_ball__v4__hm_1,"Aufnahme-06_0,5Mio_nach_48h.jpg",4.1840019576964576,0.31012748909415677,0.43825826048851013,0.03398636470490221,12.087821129955016,0.3234781576160362,,0.034177470429482104,0.33216143548258414,,subtract,75.0,,,,,,,,,,,,,,
rolling_ball,rolling_ball__v5__hm_0,"Aufnahme-06_0,5Mio_nach_48h.jpg",2.145293112088974,0.26198354666121304,0.8054894208908081,0.27606594656029426,6.017301614417882,2.6391334269997846,,0.02224376947730942,0.4433934840584073,,subtract,100.0,,,,,,,,,,,,,,
rolling_ball,rolling_ball__v6__hm_1,"Aufnahme-06_0,5Mio_nach_48h.jpg",4.1840019576964576,0.31012748909415677,0.43825826048851013,0.03398636470490221,12.087821129955016,0.3234781576160362,,0.034177470429482104,0.33216143548258414,,subtract,100.0,,,,,,,,,,,,,,
rolling_ball,rolling_ball__v7__hm_0,"Aufnahme-06_0,5Mio_nach_48h.jpg",2.145293112088974,0.26198354666121304,0.8054894208908081,0.27606594656029426,6.017301614417882,2.6391334269997846,,0.02224376947730942,0.4433934840584073,,subtract,125.0,,,,,,,,,,,,,,
rolling_ball,rolling_ball__v8__hm_1,"Aufnahme-06_0,5Mio_nach_48h.jpg",4.1840019576964576,0.31012748909415677,0.43825826048851013,0.03398636470490221,12.087821129955016,0.3234781576160362,,0.034177470429482104,0.33216143548258414,,subtract,125.0,,,,,,,,,,,,,,
rolling_ball,rolling_ball__v9__hm_0,"Aufnahme-06_0,5Mio_nach_48h.jpg",2.145293112088974,0.26198354666121304,0.8054894208908081,0.27606594656029426,6.017301614417882,2.6391334269997846,,0.02224376947730942,0.4433934840584073,,subtract,150.0,,,,,,,,,,,,,,
rolling_ball,rolling_ball__v10__hm_1,"Aufnahme-06_0,5Mio_nach_48h.jpg",4.1840019576964576,0.31012748909415677,0.43825826048851013,0.03398636470490221,12.087821129955016,0.3234781576160362,,0.034177470429482104,0.33216143548258414,,subtract,150.0,,,,,,,,,,,,,,
polynomial_fit,polynomial_fit__v1__hm_1,"Aufnahme-06_0,5Mio_nach_48h.jpg",3.503332598081888,0.29430219513596967,0.5731193423271179,0.06184935353744744,10.680577990289807,0.33261046967986807,,0.027770735688122914,0.36099692598112093,,subtract,,2.0,True,2.5,5.0,,,,,,,,,,
polynomial_fit,polynomial_fit__v2__hm_1,"Aufnahme-06_0,5Mio_nach_48h.jpg",3.503332598081888,0.29430219513596967,0.5731193423271179,0.06184935353744744,10.680577990289807,0.33261046967986807,,0.027770735688122914,0.36099692598112093,,subtract,,3.0,True,2.5,5.0,,,,,,,,,,
basicpy,basicpy__v1__hm_0,"Aufnahme-06_0,5Mio_nach_48h.jpg",2.0217370708683284,0.2601270118029788,0.7686111927032471,0.19417887607742565,6.7763205719313815,2.619857776062418,,0.024682354562916092,0.43323010146462093,,,,,,,,approximate,False,0.5,0.1,True,10.0,250.0,8.0,5.0,.basicpy_models
basicpy,basicpy__v2__hm_1,"Aufnahme-06_0,5Mio_nach_48h.jpg",4.521892678288832,0.3536319097620435,0.5479097962379456,0.06494670668716979,9.397135595789871,0.22607231074218195,,0.03499894037516676,0.3443541974745472,,,,,,,,approximate,False,0.5,0.1,True,10.0,250.0,8.0,5.0,.basicpy_models
basicpy,basicpy__v3__hm_0,"Aufnahme-06_0,5Mio_nach_48h.jpg",2.0217370708683284,0.2601270118029788,0.7686111927032471,0.19417887607742565,6.7763205719313815,2.619857776062418,,0.024682354562916092,0.43323010146462093,,,,,,,,approximate,False,1.0,0.1,True,10.0,250.0,8.0,5.0,.basicpy_models
basicpy,basicpy__v4__hm_1,"Aufnahme-06_0,5Mio_nach_48h.jpg",4.521892678288832,0.3536319097620435,0.5479097962379456,0.06494670668716979,9.397135595789871,0.22607231074218195,,0.03499894037516676,0.3443541974745472,,,,,,,,approximate,False,1.0,0.1,True,10.0,250.0,8.0,5.0,.basicpy_models
basicpy,basicpy__v5__hm_0,"Aufnahme-06_0,5Mio_nach_48h.jpg",2.0217370708683284,0.2601270118029788,0.7686111927032471,0.19417887607742565,6.7763205719313815,2.619857776062418,,0.024682354562916092,0.43323010146462093,,,,,,,,approximate,False,2.0,0.1,True,10.0,250.0,8.0,5.0,.basicpy_models
basicpy,basicpy__v6__hm_1,"Aufnahme-06_0,5Mio_nach_48h.jpg",4.521892678288832,0.3536319097620435,0.5479097962379456,0.06494670668716979,9.397135595789871,0.22607231074218195,,0.03499894037516676,0.3443541974745472,,,,,,,,approximate,False,2.0,0.1,True,10.0,250.0,8.0,5.0,.basicpy_models
basicpy,basicpy__v7__hm_0,"Aufnahme-06_0,5Mio_nach_48h.jpg",2.0217370708683284,0.2601270118029788,0.7686111927032471,0.19417887607742565,6.7763205719313815,2.619857776062418,,0.024682354562916092,0.43323010146462093,,,,,,,,approximate,True,0.5,0.1,True,10.0,250.0,8.0,5.0,.basicpy_models
basicpy,basicpy__v8__hm_1,"Aufnahme-06_0,5Mio_nach_48h.jpg",4.521892678288832,0.3536319097620435,0.5479097962379456,0.06494670668716979,9.397135595789871,0.22607231074218195,,0.03499894037516676,0.3443541974745472,,,,,,,,approximate,True,0.5,0.1,True,10.0,250.0,8.0,5.0,.basicpy_models
basicpy,basicpy__v9__hm_0,"Aufnahme-06_0,5Mio_nach_48h.jpg",2.0217370708683284,0.2601270118029788,0.7686111927032471,0.19417887607742565,6.7763205719313815,2.619857776062418,,0.024682354562916092,0.43323010146462093,,,,,,,,approximate,True,1.0,0.1,True,10.0,250.0,8.0,5.0,.basicpy_models
basicpy,basicpy__v10__hm_1,"Aufnahme-06_0,5Mio_nach_48h.jpg",4.521892678288832,0.3536319097620435,0.5479097962379456,0.06494670668716979,9.397135595789871,0.22607231074218195,,0.03499894037516676,0.3443541974745472,,,,,,,,approximate,True,1.0,0.1,True,10.0,250.0,8.0,5.0,.basicpy_models
basicpy,basicpy__v11__hm_0,"Aufnahme-06_0,5Mio_nach_48h.jpg",2.0217370708683284,0.2601270118029788,0.7686111927032471,0.19417887607742565,6.7763205719313815,2.619857776062418,,0.024682354562916092,0.43323010146462093,,,,,,,,approximate,True,2.0,0.1,True,10.0,250.0,8.0,5.0,.basicpy_models
basicpy,basicpy__v12__hm_1,"Aufnahme-06_0,5Mio_nach_48h.jpg",4.521892678288832,0.3536319097620435,0.5479097962379456,0.06494670668716979,9.397135595789871,0.22607231074218195,,0.03499894037516676,0.3443541974745472,,,,,,,,approximate,True,2.0,0.1,True,10.0,250.0,8.0,5.0,.basicpy_models
basicpy,basicpy__v13__hm_0,"Aufnahme-06_0,5Mio_nach_48h.jpg",2.0217370708683284,0.2601270118029788,0.7686111927032471,0.19417887607742565,6.7763205719313815,2.619857776062418,,0.024682354562916092,0.43323010146462093,,,,,,,,ladmap,False,0.5,0.1,True,10.0,250.0,8.0,5.0,.basicpy_models
basicpy,basicpy__v14__hm_1,"Aufnahme-06_0,5Mio_nach_48h.jpg",4.521892678288832,0.3536319097620435,0.5479097962379456,0.06494670668716979,9.397135595789871,0.22607231074218195,,0.03499894037516676,0.3443541974745472,,,,,,,,ladmap,False,0.5,0.1,True,10.0,250.0,8.0,5.0,.basicpy_models
basicpy,basicpy__v15__hm_0,"Aufnahme-06_0,5Mio_nach_48h.jpg",2.0217370708683284,0.2601270118029788,0.7686111927032471,0.19417887607742565,6.7763205719313815,2.619857776062418,,0.024682354562916092,0.43323010146462093,,,,,,,,ladmap,False,1.0,0.1,True,10.0,250.0,8.0,5.0,.basicpy_models
basicpy,basicpy__v16__hm_1,"Aufnahme-06_0,5Mio_nach_48h.jpg",4.521892678288832,0.3536319097620435,0.5479097962379456,0.06494670668716979,9.397135595789871,0.22607231074218195,,0.03499894037516676,0.3443541974745472,,,,,,,,ladmap,False,1.0,0.1,True,10.0,250.0,8.0,5.0,.basicpy_models
basicpy,basicpy__v17__hm_0,"Aufnahme-06_0,5Mio_nach_48h.jpg",2.0217370708683284,0.2601270118029788,0.7686111927032471,0.19417887607742565,6.7763205719313815,2.619857776062418,,0.024682354562916092,0.43323010146462093,,,,,,,,ladmap,False,2.0,0.1,True,10.0,250.0,8.0,5.0,.basicpy_models
basicpy,basicpy__v18__hm_1,"Aufnahme-06_0,5Mio_nach_48h.jpg",4.521892678288832,0.3536319097620435,0.5479097962379456,0.06494670668716979,9.397135595789871,0.22607231074218195,,0.03499894037516676,0.3443541974745472,,,,,,,,ladmap,False,2.0,0.1,True,10.0,250.0,8.0,5.0,.basicpy_models
basicpy,basicpy__v19__hm_0,"Aufnahme-06_0,5Mio_nach_48h.jpg",2.0217370708683284,0.2601270118029788,0.7686111927032471,0.19417887607742565,6.7763205719313815,2.619857776062418,,0.024682354562916092,0.43323010146462093,,,,,,,,ladmap,True,0.5,0.1,True,10.0,250.0,8.0,5.0,.basicpy_models
basicpy,basicpy__v20__hm_1,"Aufnahme-06_0,5Mio_nach_48h.jpg",4.521892678288832,0.3536319097620435,0.5479097962379456,0.06494670668716979,9.397135595789871,0.22607231074218195,,0.03499894037516676,0.3443541974745472,,,,,,,,ladmap,True,0.5,0.1,True,10.0,250.0,8.0,5.0,.basicpy_models
basicpy,basicpy__v21__hm_0,"Aufnahme-06_0,5Mio_nach_48h.jpg",2.0217370708683284,0.2601270118029788,0.7686111927032471,0.19417887607742565,6.7763205719313815,2.619857776062418,,0.024682354562916092,0.43323010146462093,,,,,,,,ladmap,True,1.0,0.1,True,10.0,250.0,8.0,5.0,.basicpy_models
basicpy,basicpy__v22__hm_1,"Aufnahme-06_0,5Mio_nach_48h.jpg",4.521892678288832,0.3536319097620435,0.5479097962379456,0.06494670668716979,9.397135595789871,0.22607231074218195,,0.03499894037516676,0.3443541974745472,,,,,,,,ladmap,True,1.0,0.1,True,10.0,250.0,8.0,5.0,.basicpy_models
basicpy,basicpy__v23__hm_0,"Aufnahme-06_0,5Mio_nach_48h.jpg",2.0217370708683284,0.2601270118029788,0.7686111927032471,0.19417887607742565,6.7763205719313815,2.619857776062418,,0.024682354562916092,0.43323010146462093,,,,,,,,ladmap,True,2.0,0.1,True,10.0,250.0,8.0,5.0,.basicpy_models
basicpy,basicpy__v24__hm_1,"Aufnahme-06_0,5Mio_nach_48h.jpg",4.521892678288832,0.3536319097620435,0.5479097962379456,0.06494670668716979,9.397135595789871,0.22607231074218195,,0.03499894037516676,0.3443541974745472,,,,,,,,ladmap,True,2.0,0.1,True,10.0,250.0,8.0,5.0,.basicpy_models
gaussian_background,gaussian_background__v1__hm_1,Aufnahme-06_2Mio_nach_48h.jpg,4.541491724032968,0.3557385539752431,0.6733927130699158,0.21376796261457268,5.308720206621437,0.22287752202788036,,0.03373998866424944,0.3762547651350848,10.0,subtract,,,,,,,,,,,,,,,
gaussian_background,gaussian_background__v2__hm_1,Aufnahme-06_2Mio_nach_48h.jpg,4.541491724032968,0.3557385539752431,0.6733927130699158,0.21376796261457268,5.308720206621437,0.22287752202788036,,0.03373998866424944,0.3762547651350848,20.0,subtract,,,,,,,,,,,,,,,
gaussian_background,gaussian_background__v3__hm_1,Aufnahme-06_2Mio_nach_48h.jpg,4.541491724032968,0.3557385539752431,0.6733927130699158,0.21376796261457268,5.308720206621437,0.22287752202788036,,0.03373998866424944,0.3762547651350848,30.0,subtract,,,,,,,,,,,,,,,
gaussian_background,gaussian_background__v4__hm_1,Aufnahme-06_2Mio_nach_48h.jpg,4.541491724032968,0.3557385539752431,0.6733927130699158,0.21376796261457268,5.308720206621437,0.22287752202788036,,0.03373998866424944,0.3762547651350848,40.0,subtract,,,,,,,,,,,,,,,
morphological_opening,morphological_opening__v1__hm_1,Aufnahme-06_2Mio_nach_48h.jpg,2.365709070601901,0.28515867082751356,0.7062671780586243,0.15115258947311133,8.231843255765341,0.543814407053554,,0.023571364334387952,0.4102637375218428,,subtract,15.0,,,,,,,,,,,,,,
morphological_opening,morphological_opening__v2__hm_1,Aufnahme-06_2Mio_nach_48h.jpg,2.365709070601901,0.28515867082751356,0.7062671780586243,0.15115258947311133,8.231843255765341,0.543814407053554,,0.023571364334387952,0.4102637375218428,,subtract,25.0,,,,,,,,,,,,,,
morphological_opening,morphological_opening__v3__hm_1,Aufnahme-06_2Mio_nach_48h.jpg,2.365709070601901,0.28515867082751356,0.7062671780586243,0.15115258947311133,8.231843255765341,0.543814407053554,,0.023571364334387952,0.4102637375218428,,subtract,35.0,,,,,,,,,,,,,,
morphological_opening,morphological_opening__v4__hm_1,Aufnahme-06_2Mio_nach_48h.jpg,2.365709070601901,0.28515867082751356,0.7062671780586243,0.15115258947311133,8.231843255765341,0.543814407053554,,0.023571364334387952,0.4102637375218428,,subtract,50.0,,,,,,,,,,,,,,
rolling_ball,rolling_ball__v1__hm_0,Aufnahme-06_2Mio_nach_48h.jpg,1.637899255345668,0.2427236009389162,0.8472114205360413,0.35935367248281697,4.721235130684388,1.9640115977521828,,0.02330421875814928,0.4766567448763239,,subtract,50.0,,,,,,,,,,,,,,
rolling_ball,rolling_ball__v2__hm_1,Aufnahme-06_2Mio_nach_48h.jpg,2.052751233992172,0.2646793420717586,0.5142022967338562,0.11816128413941543,7.89828941648721,0.4300843948895439,,0.026816352135645937,0.39333415437626756,,subtract,50.0,,,,,,,,,,,,,,
rolling_ball,rolling_ball__v3__hm_0,Aufnahme-06_2Mio_nach_48h.jpg,1.637899255345668,0.2427236009389162,0.8472114205360413,0.35935367248281697,4.721235130684388,1.9640115977521828,,0.02330421875814928,0.4766567448763239,,subtract,75.0,,,,,,,,,,,,,,
rolling_ball,rolling_ball__v4__hm_1,Aufnahme-06_2Mio_nach_48h.jpg,2.052751233992172,0.2646793420717586,0.5142022967338562,0.11816128413941543,7.89828941648721,0.4300843948895439,,0.026816352135645937,0.39333415437626756,,subtract,75.0,,,,,,,,,,,,,,
rolling_ball,rolling_ball__v5__hm_0,Aufnahme-06_2Mio_nach_48h.jpg,1.637899255345668,0.2427236009389162,0.8472114205360413,0.35935367248281697,4.721235130684388,1.9640115977521828,,0.02330421875814928,0.4766567448763239,,subtract,100.0,,,,,,,,,,,,,,
rolling_ball,rolling_ball__v6__hm_1,Aufnahme-06_2Mio_nach_48h.jpg,2.052751233992172,0.2646793420717586,0.5142022967338562,0.11816128413941543,7.89828941648721,0.4300843948895439,,0.026816352135645937,0.39333415437626756,,subtract,100.0,,,,,,,,,,,,,,
rolling_ball,rolling_ball__v7__hm_0,Aufnahme-06_2Mio_nach_48h.jpg,1.637899255345668,0.2427236009389162,0.8472114205360413,0.35935367248281697,4.721235130684388,1.9640115977521828,,0.02330421875814928,0.4766567448763239,,subtract,125.0,,,,,,,,,,,,,,
rolling_ball,rolling_ball__v8__hm_1,Aufnahme-06_2Mio_nach_48h.jpg,2.052751233992172,0.2646793420717586,0.5142022967338562,0.11816128413941543,7.89828941648721,0.4300843948895439,,0.026816352135645937,0.39333415437626756,,subtract,125.0,,,,,,,,,,,,,,
rolling_ball,rolling_ball__v9__hm_0,Aufnahme-06_2Mio_nach_48h.jpg,1.637899255345668,0.2427236009389162,0.8472114205360413,0.35935367248281697,4.721235130684388,1.9640115977521828,,0.02330421875814928,0.4766567448763239,,subtract,150.0,,,,,,,,,,,,,,
rolling_ball,rolling_ball__v10__hm_1,Aufnahme-06_2Mio_nach_48h.jpg,2.052751233992172,0.2646793420717586,0.5142022967338562,0.11816128413941543,7.89828941648721,0.4300843948895439,,0.026816352135645937,0.39333415437626756,,subtract,150.0,,,,,,,,,,,,,,
polynomial_fit,polynomial_fit__v1__hm_1,Aufnahme-06_2Mio_nach_48h.jpg,3.631425677893723,0.29919809830607846,0.6744410395622253,0.19055573187211772,6.5738800824566885,0.32286106398198405,,0.029670259238010324,0.38568635981502447,,subtract,,2.0,True,2.5,5.0,,,,,,,,,,
polynomial_fit,polynomial_fit__v2__hm_1,Aufnahme-06_2Mio_nach_48h.jpg,3.631425677893723,0.29919809830607846,0.6744410395622253,0.19055573187211772,6.5738800824566885,0.32286106398198405,,0.029670259238010324,0.38568635981502447,,subtract,,3.0,True,2.5,5.0,,,,,,,,,,
basicpy,basicpy__v1__hm_0,Aufnahme-06_2Mio_nach_48h.jpg,1.6264125433771093,0.25193515233695507,0.7949107885360718,0.3226722015732716,5.52624452492882,2.1900537548261525,,0.02616687238513467,0.46609892648123896,,,,,,,,approximate,False,0.5,0.1,True,10.0,250.0,8.0,5.0,.basicpy_models
basicpy,basicpy__v2__hm_1,Aufnahme-06_2Mio_nach_48h.jpg,4.60493784691267,0.3621506800991483,0.675199031829834,0.22043445314450996,5.060100245091721,0.21589934817124187,,0.03362539047532352,0.3765591601213173,,,,,,,,approximate,False,0.5,0.1,True,10.0,250.0,8.0,5.0,.basicpy_models
basicpy,basicpy__v3__hm_0,Aufnahme-06_2Mio_nach_48h.jpg,1.6264125433771093,0.25193515233695507,0.7949107885360718,0.3226722015732716,5.52624452492882,2.1900537548261525,,0.02616687238513467,0.46609892648123896,,,,,,,,approximate,False,1.0,0.1,True,10.0,250.0,8.0,5.0,.basicpy_models
basicpy,basicpy__v4__hm_1,Aufnahme-06_2Mio_nach_48h.jpg,4.60493784691267,0.3621506800991483,0.675199031829834,0.22043445314450996,5.060100245091721,0.21589934817124187,,0.03362539047532352,0.3765591601213173,,,,,,,,approximate,False,1.0,0.1,True,10.0,250.0,8.0,5.0,.basicpy_models
basicpy,basicpy__v5__hm_0,Aufnahme-06_2Mio_nach_48h.jpg,1.6264125433771093,0.25193515233695507,0.7949107885360718,0.3226722015732716,5.52624452492882,2.1900537548261525,,0.02616687238513467,0.46609892648123896,,,,,,,,approximate,False,2.0,0.1,True,10.0,250.0,8.0,5.0,.basicpy_models
basicpy,basicpy__v6__hm_1,Aufnahme-06_2Mio_nach_48h.jpg,4.60493784691267,0.3621506800991483,0.675199031829834,0.22043445314450996,5.060100245091721,0.21589934817124187,,0.03362539047532352,0.3765591601213173,,,,,,,,approximate,False,2.0,0.1,True,10.0,250.0,8.0,5.0,.basicpy_models
basicpy,basicpy__v7__hm_0,Aufnahme-06_2Mio_nach_48h.jpg,1.6264125433771093,0.25193515233695507,0.7949107885360718,0.3226722015732716,5.52624452492882,2.1900537548261525,,0.02616687238513467,0.46609892648123896,,,,,,,,approximate,True,0.5,0.1,True,10.0,250.0,8.0,5.0,.basicpy_models
basicpy,basicpy__v8__hm_1,Aufnahme-06_2Mio_nach_48h.jpg,4.60493784691267,0.3621506800991483,0.675199031829834,0.22043445314450996,5.060100245091721,0.21589934817124187,,0.03362539047532352,0.3765591601213173,,,,,,,,approximate,True,0.5,0.1,True,10.0,250.0,8.0,5.0,.basicpy_models
basicpy,basicpy__v9__hm_0,Aufnahme-06_2Mio_nach_48h.jpg,1.6264125433771093,0.25193515233695507,0.7949107885360718,0.3226722015732716,5.52624452492882,2.1900537548261525,,0.02616687238513467,0.46609892648123896,,,,,,,,approximate,True,1.0,0.1,True,10.0,250.0,8.0,5.0,.basicpy_models
basicpy,basicpy__v10__hm_1,Aufnahme-06_2Mio_nach_48h.jpg,4.60493784691267,0.3621506800991483,0.675199031829834,0.22043445314450996,5.060100245091721,0.21589934817124187,,0.03362539047532352,0.3765591601213173,,,,,,,,approximate,True,1.0,0.1,True,10.0,250.0,8.0,5.0,.basicpy_models
basicpy,basicpy__v11__hm_0,Aufnahme-06_2Mio_nach_48h.jpg,1.6264125433771093,0.25193515233695507,0.7949107885360718,0.3226722015732716,5.52624452492882,2.1900537548261525,,0.02616687238513467,0.46609892648123896,,,,,,,,approximate,True,2.0,0.1,True,10.0,250.0,8.0,5.0,.basicpy_models
basicpy,basicpy__v12__hm_1,Aufnahme-06_2Mio_nach_48h.jpg,4.60493784691267,0.3621506800991483,0.675199031829834,0.22043445314450996,5.060100245091721,0.21589934817124187,,0.03362539047532352,0.3765591601213173,,,,,,,,approximate,True,2.0,0.1,True,10.0,250.0,8.0,5.0,.basicpy_models
basicpy,basicpy__v13__hm_0,Aufnahme-06_2Mio_nach_48h.jpg,1.6264125433771093,0.25193515233695507,0.7949107885360718,0.3226722015732716,5.52624452492882,2.1900537548261525,,0.02616687238513467,0.46609892648123896,,,,,,,,ladmap,False,0.5,0.1,True,10.0,250.0,8.0,5.0,.basicpy_models
basicpy,basicpy__v14__hm_1,Aufnahme-06_2Mio_nach_48h.jpg,4.60493784691267,0.3621506800991483,0.675199031829834,0.22043445314450996,5.060100245091721,0.21589934817124187,,0.03362539047532352,0.3765591601213173,,,,,,,,ladmap,False,0.5,0.1,True,10.0,250.0,8.0,5.0,.basicpy_models
basicpy,basicpy__v15__hm_0,Aufnahme-06_2Mio_nach_48h.jpg,1.6264125433771093,0.25193515233695507,0.7949107885360718,0.3226722015732716,5.52624452492882,2.1900537548261525,,0.02616687238513467,0.46609892648123896,,,,,,,,ladmap,False,1.0,0.1,True,10.0,250.0,8.0,5.0,.basicpy_models
basicpy,basicpy__v16__hm_1,Aufnahme-06_2Mio_nach_48h.jpg,4.60493784691267,0.3621506800991483,0.675199031829834,0.22043445314450996,5.060100245091721,0.21589934817124187,,0.03362539047532352,0.3765591601213173,,,,,,,,ladmap,False,1.0,0.1,True,10.0,250.0,8.0,5.0,.basicpy_models
basicpy,basicpy__v17__hm_0,Aufnahme-06_2Mio_nach_48h.jpg,1.6264125433771093,0.25193515233695507,0.7949107885360718,0.3226722015732716,5.52624452492882,2.1900537548261525,,0.02616687238513467,0.46609892648123896,,,,,,,,ladmap,False,2.0,0.1,True,10.0,250.0,8.0,5.0,.basicpy_models
basicpy,basicpy__v18__hm_1,Aufnahme-06_2Mio_nach_48h.jpg,4.60493784691267,0.3621506800991483,0.675199031829834,0.22043445314450996,5.060100245091721,0.21589934817124187,,0.03362539047532352,0.3765591601213173,,,,,,,,ladmap,False,2.0,0.1,True,10.0,250.0,8.0,5.0,.basicpy_models
basicpy,basicpy__v19__hm_0,Aufnahme-06_2Mio_nach_48h.jpg,1.6264125433771093,0.25193515233695507,0.7949107885360718,0.3226722015732716,5.52624452492882,2.1900537548261525,,0.02616687238513467,0.46609892648123896,,,,,,,,ladmap,True,0.5,0.1,True,10.0,250.0,8.0,5.0,.basicpy_models
basicpy,basicpy__v20__hm_1,Aufnahme-06_2Mio_nach_48h.jpg,4.60493784691267,0.3621506800991483,0.675199031829834,0.22043445314450996,5.060100245091721,0.21589934817124187,,0.03362539047532352,0.3765591601213173,,,,,,,,ladmap,True,0.5,0.1,True,10.0,250.0,8.0,5.0,.basicpy_models
basicpy,basicpy__v21__hm_0,Aufnahme-06_2Mio_nach_48h.jpg,1.6264125433771093,0.25193515233695507,0.7949107885360718,0.3226722015732716,5.52624452492882,2.1900537548261525,,0.02616687238513467,0.46609892648123896,,,,,,,,ladmap,True,1.0,0.1,True,10.0,250.0,8.0,5.0,.basicpy_models
basicpy,basicpy__v22__hm_1,Aufnahme-06_2Mio_nach_48h.jpg,4.60493784691267,0.3621506800991483,0.675199031829834,0.22043445314450996,5.060100245091721,0.21589934817124187,,0.03362539047532352,0.3765591601213173,,,,,,,,ladmap,True,1.0,0.1,True,10.0,250.0,8.0,5.0,.basicpy_models
basicpy,basicpy__v23__hm_0,Aufnahme-06_2Mio_nach_48h.jpg,1.6264125433771093,0.25193515233695507,0.7949107885360718,0.3226722015732716,5.52624452492882,2.1900537548261525,,0.02616687238513467,0.46609892648123896,,,,,,,,ladmap,True,2.0,0.1,True,10.0,250.0,8.0,5.0,.basicpy_models
basicpy,basicpy__v24__hm_1,Aufnahme-06_2Mio_nach_48h.jpg,4.60493784691267,0.3621506800991483,0.675199031829834,0.22043445314450996,5.060100245091721,0.21589934817124187,,0.03362539047532352,0.3765591601213173,,,,,,,,ladmap,True,2.0,0.1,True,10.0,250.0,8.0,5.0,.basicpy_models
gaussian_background,gaussian_background__v1__hm_1,"Aufnahme-07_0,5Mio_nach_72h.jpg",4.477490290042367,0.3494643567246385,0.6286325454711914,0.12726437090829282,6.918414165205342,0.2326232350013989,,0.036391035637162165,0.36140899852606906,10.0,subtract,,,,,,,,,,,,,,,
gaussian_background,gaussian_background__v2__hm_1,"Aufnahme-07_0,5Mio_nach_72h.jpg",4.477490290042367,0.3494643567246385,0.6286325454711914,0.12726437090829282,6.918414165205342,0.2326232350013989,,0.036391035637162165,0.36140899852606906,20.0,subtract,,,,,,,,,,,,,,,
gaussian_background,gaussian_background__v3__hm_1,"Aufnahme-07_0,5Mio_nach_72h.jpg",4.477490290042367,0.3494643567246385,0.6286325454711914,0.12726437090829282,6.918414165205342,0.2326232350013989,,0.036391035637162165,0.36140899852606906,30.0,subtract,,,,,,,,,,,,,,,
gaussian_background,gaussian_background__v4__hm_1,"Aufnahme-07_0,5Mio_nach_72h.jpg",4.477490290042367,0.3494643567246385,0.6286325454711914,0.12726437090829282,6.918414165205342,0.2326232350013989,,0.036391035637162165,0.36140899852606906,40.0,subtract,,,,,,,,,,,,,,,
morphological_opening,morphological_opening__v1__hm_1,"Aufnahme-07_0,5Mio_nach_72h.jpg",2.2464881924804927,0.28587033110670745,0.662669837474823,0.09713278901420308,10.399727477707259,0.5238713259200167,,0.025576405527760252,0.401900389757577,,subtract,15.0,,,,,,,,,,,,,,
morphological_opening,morphological_opening__v2__hm_1,"Aufnahme-07_0,5Mio_nach_72h.jpg",2.2464881924804927,0.28587033110670745,0.662669837474823,0.09713278901420308,10.399727477707259,0.5238713259200167,,0.025576405527760252,0.401900389757577,,subtract,25.0,,,,,,,,,,,,,,
morphological_opening,morphological_opening__v3__hm_1,"Aufnahme-07_0,5Mio_nach_72h.jpg",2.2464881924804927,0.28587033110670745,0.662669837474823,0.09713278901420308,10.399727477707259,0.5238713259200167,,0.025576405527760252,0.401900389757577,,subtract,35.0,,,,,,,,,,,,,,
morphological_opening,morphological_opening__v4__hm_1,"Aufnahme-07_0,5Mio_nach_72h.jpg",2.2464881924804927,0.28587033110670745,0.662669837474823,0.09713278901420308,10.399727477707259,0.5238713259200167,,0.025576405527760252,0.401900389757577,,subtract,50.0,,,,,,,,,,,,,,
rolling_ball,rolling_ball__v1__hm_0,"Aufnahme-07_0,5Mio_nach_72h.jpg",1.7960906245282282,0.2493640799075365,0.8391241431236267,0.28909170296350295,5.65768758400645,2.1317723589732913,,0.023323199349448286,0.4609380532731389,,subtract,50.0,,,,,,,,,,,,,,
rolling_ball,rolling_ball__v2__hm_1,"Aufnahme-07_0,5Mio_nach_72h.jpg",2.462845008972363,0.28577086684526876,0.5072866082191467,0.0820117041601705,9.139403926616756,0.3785366713587149,,0.026534569954108297,0.3762010631922612,,subtract,50.0,,,,,,,,,,,,,,
rolling_ball,rolling_ball__v3__hm_0,"Aufnahme-07_0,5Mio_nach_72h.jpg",1.7960906245282282,0.2493640799075365,0.8391241431236267,0.28909170296350295,5.65768758400645,2.1317723589732913,,0.023323199349448286,0.4609380532731389,,subtract,75.0,,,,,,,,,,,,,,
rolling_ball,rolling_ball__v4__hm_1,"Aufnahme-07_0,5Mio_nach_72h.jpg",2.462845008972363,0.28577086684526876,0.5072866082191467,0.0820117041601705,9.139403926616756,0.3785366713587149,,0.026534569954108297,0.3762010631922612,,subtract,75.0,,,,,,,,,,,,,,
rolling_ball,rolling_ball__v5__hm_0,"Aufnahme-07_0,5Mio_nach_72h.jpg",1.7960906245282282,0.2493640799075365,0.8391241431236267,0.28909170296350295,5.65768758400645,2.1317723589732913,,0.023323199349448286,0.4609380532731389,,subtract,100.0,,,,,,,,,,,,,,
rolling_ball,rolling_ball__v6__hm_1,"Aufnahme-07_0,5Mio_nach_72h.jpg",2.462845008972363,0.28577086684526876,0.5072866082191467,0.0820117041601705,9.139403926616756,0.3785366713587149,,0.026534569954108297,0.3762010631922612,,subtract,100.0,,,,,,,,,,,,,,
rolling_ball,rolling_ball__v7__hm_0,"Aufnahme-07_0,5Mio_nach_72h.jpg",1.7960906245282282,0.2493640799075365,0.8391241431236267,0.28909170296350295,5.65768758400645,2.1317723589732913,,0.023323199349448286,0.4609380532731389,,subtract,125.0,,,,,,,,,,,,,,
rolling_ball,rolling_ball__v8__hm_1,"Aufnahme-07_0,5Mio_nach_72h.jpg",2.462845008972363,0.28577086684526876,0.5072866082191467,0.0820117041601705,9.139403926616756,0.3785366713587149,,0.026534569954108297,0.3762010631922612,,subtract,125.0,,,,,,,,,,,,,,
rolling_ball,rolling_ball__v9__hm_0,"Aufnahme-07_0,5Mio_nach_72h.jpg",1.7960906245282282,0.2493640799075365,0.8391241431236267,0.28909170296350295,5.65768758400645,2.1317723589732913,,0.023323199349448286,0.4609380532731389,,subtract,150.0,,,,,,,,,,,,,,
rolling_ball,rolling_ball__v10__hm_1,"Aufnahme-07_0,5Mio_nach_72h.jpg",2.462845008972363,0.28577086684526876,0.5072866082191467,0.0820117041601705,9.139403926616756,0.3785366713587149,,0.026534569954108297,0.3762010631922612,,subtract,150.0,,,,,,,,,,,,,,
polynomial_fit,polynomial_fit__v1__hm_1,"Aufnahme-07_0,5Mio_nach_72h.jpg",3.4143727259241032,0.29111486283363774,0.6342002749443054,0.11562926419635712,8.420263466355957,0.3386232781730614,,0.030919408290673106,0.37552881209480526,,subtract,,2.0,True,2.5,5.0,,,,,,,,,,
polynomial_fit,polynomial_fit__v2__hm_1,"Aufnahme-07_0,5Mio_nach_72h.jpg",3.4143727259241032,0.29111486283363774,0.6342002749443054,0.11562926419635712,8.420263466355957,0.3386232781730614,,0.030919408290673106,0.37552881209480526,,subtract,,3.0,True,2.5,5.0,,,,,,,,,,
basicpy,basicpy__v1__hm_0,"Aufnahme-07_0,5Mio_nach_72h.jpg",1.746457315501087,0.2547903872327879,0.7725717425346375,0.23979259773480344,6.2014648838297735,2.3089108714129774,,0.025315494647534173,0.44892496037879975,,,,,,,,approximate,False,0.5,0.1,True,10.0,250.0,8.0,5.0,.basicpy_models
basicpy,basicpy__v2__hm_1,"Aufnahme-07_0,5Mio_nach_72h.jpg",4.541491991474102,0.3557386247557588,0.6248453855514526,0.12779194347582315,6.611127820497803,0.2250005264108073,,0.035760444645168775,0.3603716683094456,,,,,,,,approximate,False,0.5,0.1,True,10.0,250.0,8.0,5.0,.basicpy_models
basicpy,basicpy__v3__hm_0,"Aufnahme-07_0,5Mio_nach_72h.jpg",1.746457315501087,0.2547903872327879,0.7725717425346375,0.23979259773480344,6.2014648838297735,2.3089108714129774,,0.025315494647534173,0.44892496037879975,,,,,,,,approximate,False,1.0,0.1,True,10.0,250.0,8.0,5.0,.basicpy_models
basicpy,basicpy__v4__hm_1,"Aufnahme-07_0,5Mio_nach_72h.jpg",4.541491991474102,0.3557386247557588,0.6248453855514526,0.12779194347582315,6.611127820497803,0.2250005264108073,,0.035760444645168775,0.3603716683094456,,,,,,,,approximate,False,1.0,0.1,True,10.0,250.0,8.0,5.0,.basicpy_models
basicpy,basicpy__v5__hm_0,"Aufnahme-07_0,5Mio_nach_72h.jpg",1.746457315501087,0.2547903872327879,0.7725717425346375,0.23979259773480344,6.2014648838297735,2.3089108714129774,,0.025315494647534173,0.44892496037879975,,,,,,,,approximate,False,2.0,0.1,True,10.0,250.0,8.0,5.0,.basicpy_models
basicpy,basicpy__v6__hm_1,"Aufnahme-07_0,5Mio_nach_72h.jpg",4.541491991474102,0.3557386247557588,0.6248453855514526,0.12779194347582315,6.611127820497803,0.2250005264108073,,0.035760444645168775,0.3603716683094456,,,,,,,,approximate,False,2.0,0.1,True,10.0,250.0,8.0,5.0,.basicpy_models
basicpy,basicpy__v7__hm_0,"Aufnahme-07_0,5Mio_nach_72h.jpg",1.746457315501087,0.2547903872327879,0.7725717425346375,0.23979259773480344,6.2014648838297735,2.3089108714129774,,0.025315494647534173,0.44892496037879975,,,,,,,,approximate,True,0.5,0.1,True,10.0,250.0,8.0,5.0,.basicpy_models
basicpy,basicpy__v8__hm_1,"Aufnahme-07_0,5Mio_nach_72h.jpg",4.541491991474102,0.3557386247557588,0.6248453855514526,0.12779194347582315,6.611127820497803,0.2250005264108073,,0.035760444645168775,0.3603716683094456,,,,,,,,approximate,True,0.5,0.1,True,10.0,250.0,8.0,5.0,.basicpy_models
basicpy,basicpy__v9__hm_0,"Aufnahme-07_0,5Mio_nach_72h.jpg",1.746457315501087,0.2547903872327879,0.7725717425346375,0.23979259773480344,6.2014648838297735,2.3089108714129774,,0.025315494647534173,0.44892496037879975,,,,,,,,approximate,True,1.0,0.1,True,10.0,250.0,8.0,5.0,.basicpy_models
basicpy,basicpy__v10__hm_1,"Aufnahme-07_0,5Mio_nach_72h.jpg",4.541491991474102,0.3557386247557588,0.6248453855514526,0.12779194347582315,6.611127820497803,0.2250005264108073,,0.035760444645168775,0.3603716683094456,,,,,,,,approximate,True,1.0,0.1,True,10.0,250.0,8.0,5.0,.basicpy_models
basicpy,basicpy__v11__hm_0,"Aufnahme-07_0,5Mio_nach_72h.jpg",1.746457315501087,0.2547903872327879,0.7725717425346375,0.23979259773480344,6.2014648838297735,2.3089108714129774,,0.025315494647534173,0.44892496037879975,,,,,,,,approximate,True,2.0,0.1,True,10.0,250.0,8.0,5.0,.basicpy_models
basicpy,basicpy__v12__hm_1,"Aufnahme-07_0,5Mio_nach_72h.jpg",4.541491991474102,0.3557386247557588,0.6248453855514526,0.12779194347582315,6.611127820497803,0.2250005264108073,,0.035760444645168775,0.3603716683094456,,,,,,,,approximate,True,2.0,0.1,True,10.0,250.0,8.0,5.0,.basicpy_models
basicpy,basicpy__v13__hm_0,"Aufnahme-07_0,5Mio_nach_72h.jpg",1.746457315501087,0.2547903872327879,0.7725717425346375,0.23979259773480344,6.2014648838297735,2.3089108714129774,,0.025315494647534173,0.44892496037879975,,,,,,,,ladmap,False,0.5,0.1,True,10.0,250.0,8.0,5.0,.basicpy_models
basicpy,basicpy__v14__hm_1,"Aufnahme-07_0,5Mio_nach_72h.jpg",4.541491991474102,0.3557386247557588,0.6248453855514526,0.12779194347582315,6.611127820497803,0.2250005264108073,,0.035760444645168775,0.3603716683094456,,,,,,,,ladmap,False,0.5,0.1,True,10.0,250.0,8.0,5.0,.basicpy_models
basicpy,basicpy__v15__hm_0,"Aufnahme-07_0,5Mio_nach_72h.jpg",1.746457315501087,0.2547903872327879,0.7725717425346375,0.23979259773480344,6.2014648838297735,2.3089108714129774,,0.025315494647534173,0.44892496037879975,,,,,,,,ladmap,False,1.0,0.1,True,10.0,250.0,8.0,5.0,.basicpy_models
basicpy,basicpy__v16__hm_1,"Aufnahme-07_0,5Mio_nach_72h.jpg",4.541491991474102,0.3557386247557588,0.6248453855514526,0.12779194347582315,6.611127820497803,0.2250005264108073,,0.035760444645168775,0.3603716683094456,,,,,,,,ladmap,False,1.0,0.1,True,10.0,250.0,8.0,5.0,.basicpy_models
basicpy,basicpy__v17__hm_0,"Aufnahme-07_0,5Mio_nach_72h.jpg",1.746457315501087,0.2547903872327879,0.7725717425346375,0.23979259773480344,6.2014648838297735,2.3089108714129774,,0.025315494647534173,0.44892496037879975,,,,,,,,ladmap,False,2.0,0.1,True,10.0,250.0,8.0,5.0,.basicpy_models
basicpy,basicpy__v18__hm_1,"Aufnahme-07_0,5Mio_nach_72h.jpg",4.541491991474102,0.3557386247557588,0.6248453855514526,0.12779194347582315,6.611127820497803,0.2250005264108073,,0.035760444645168775,0.3603716683094456,,,,,,,,ladmap,False,2.0,0.1,True,10.0,250.0,8.0,5.0,.basicpy_models
basicpy,basicpy__v19__hm_0,"Aufnahme-07_0,5Mio_nach_72h.jpg",1.746457315501087,0.2547903872327879,0.7725717425346375,0.23979259773480344,6.2014648838297735,2.3089108714129774,,0.025315494647534173,0.44892496037879975,,,,,,,,ladmap,True,0.5,0.1,True,10.0,250.0,8.0,5.0,.basicpy_models
basicpy,basicpy__v20__hm_1,"Aufnahme-07_0,5Mio_nach_72h.jpg",4.541491991474102,0.3557386247557588,0.6248453855514526,0.12779194347582315,6.611127820497803,0.2250005264108073,,0.035760444645168775,0.3603716683094456,,,,,,,,ladmap,True,0.5,0.1,True,10.0,250.0,8.0,5.0,.basicpy_models
basicpy,basicpy__v21__hm_0,"Aufnahme-07_0,5Mio_nach_72h.jpg",1.746457315501087,0.2547903872327879,0.7725717425346375,0.23979259773480344,6.2014648838297735,2.3089108714129774,,0.025315494647534173,0.44892496037879975,,,,,,,,ladmap,True,1.0,0.1,True,10.0,250.0,8.0,5.0,.basicpy_models
basicpy,basicpy__v22__hm_1,"Aufnahme-07_0,5Mio_nach_72h.jpg",4.541491991474102,0.3557386247557588,0.6248453855514526,0.12779194347582315,6.611127820497803,0.2250005264108073,,0.035760444645168775,0.3603716683094456,,,,,,,,ladmap,True,1.0,0.1,True,10.0,250.0,8.0,5.0,.basicpy_models
basicpy,basicpy__v23__hm_0,"Aufnahme-07_0,5Mio_nach_72h.jpg",1.746457315501087,0.2547903872327879,0.7725717425346375,0.23979259773480344,6.2014648838297735,2.3089108714129774,,0.025315494647534173,0.44892496037879975,,,,,,,,ladmap,True,2.0,0.1,True,10.0,250.0,8.0,5.0,.basicpy_models
basicpy,basicpy__v24__hm_1,"Aufnahme-07_0,5Mio_nach_72h.jpg",4.541491991474102,0.3557386247557588,0.6248453855514526,0.12779194347582315,6.611127820497803,0.2250005264108073,,0.035760444645168775,0.3603716683094456,,,,,,,,ladmap,True,2.0,0.1,True,10.0,250.0,8.0,5.0,.basicpy_models
gaussian_background,gaussian_background__v1__hm_1,Aufnahme-07_2Mio_nach_72h.jpg,4.386986453272943,0.34131290746154264,0.7672547698020935,0.22485529830788234,4.8333594133678375,0.24492917997856437,,0.03919503298680932,0.3897413275039233,10.0,subtract,,,,,,,,,,,,,,,
gaussian_background,gaussian_background__v2__hm_1,Aufnahme-07_2Mio_nach_72h.jpg,4.386986453272943,0.34131290746154264,0.7672547698020935,0.22485529830788234,4.8333594133678375,0.24492917997856437,,0.03919503298680932,0.3897413275039233,20.0,subtract,,,,,,,,,,,,,,,
gaussian_background,gaussian_background__v3__hm_1,Aufnahme-07_2Mio_nach_72h.jpg,4.386986453272943,0.34131290746154264,0.7672547698020935,0.22485529830788234,4.8333594133678375,0.24492917997856437,,0.03919503298680932,0.3897413275039233,30.0,subtract,,,,,,,,,,,,,,,
gaussian_background,gaussian_background__v4__hm_1,Aufnahme-07_2Mio_nach_72h.jpg,4.386986453272943,0.34131290746154264,0.7672547698020935,0.22485529830788234,4.8333594133678375,0.24492917997856437,,0.03919503298680932,0.3897413275039233,40.0,subtract,,,,,,,,,,,,,,,
morphological_opening,morphological_opening__v1__hm_1,Aufnahme-07_2Mio_nach_72h.jpg,1.8373601323678972,0.2849990006070584,0.8961721658706665,0.1896203990490123,7.429651864727916,0.5612242304361553,,0.03047807542483079,0.45247953098780913,,subtract,15.0,,,,,,,,,,,,,,
morphological_opening,morphological_opening__v2__hm_1,Aufnahme-07_2Mio_nach_72h.jpg,1.8373601323678972,0.2849990006070584,0.8961721658706665,0.1896203990490123,7.429651864727916,0.5612242304361553,,0.03047807542483079,0.45247953098780913,,subtract,25.0,,,,,,,,,,,,,,
morphological_opening,morphological_opening__v3__hm_1,Aufnahme-07_2Mio_nach_72h.jpg,1.8373601323678972,0.2849990006070584,0.8961721658706665,0.1896203990490123,7.429651864727916,0.5612242304361553,,0.03047807542483079,0.45247953098780913,,subtract,35.0,,,,,,,,,,,,,,
morphological_opening,morphological_opening__v4__hm_1,Aufnahme-07_2Mio_nach_72h.jpg,1.8373601323678972,0.2849990006070584,0.8961721658706665,0.1896203990490123,7.429651864727916,0.5612242304361553,,0.03047807542483079,0.45247953098780913,,subtract,50.0,,,,,,,,,,,,,,
rolling_ball,rolling_ball__v1__hm_0,Aufnahme-07_2Mio_nach_72h.jpg,1.3755451128315104,0.20400240572053008,0.8692900538444519,0.2202897395133118,5.212161101164213,1.2993121092742748,,0.03192480999834822,0.4763733052982604,,subtract,50.0,,,,,,,,,,,,,,
rolling_ball,rolling_ball__v2__hm_1,Aufnahme-07_2Mio_nach_72h.jpg,1.6983782931485667,0.2731663234590087,0.7067918181419373,0.1426553279143424,7.897855890444043,0.5277638638347251,,0.035900783483751385,0.43008703686025046,,subtract,50.0,,,,,,,,,,,,,,
rolling_ball,rolling_ball__v3__hm_0,Aufnahme-07_2Mio_nach_72h.jpg,1.3755451128315104,0.20400240572053008,0.8692900538444519,0.2202897395133118,5.212161101164213,1.2993121092742748,,0.03192480999834822,0.4763733052982604,,subtract,75.0,,,,,,,,,,,,,,
rolling_ball,rolling_ball__v4__hm_1,Aufnahme-07_2Mio_nach_72h.jpg,1.6983782931485667,0.2731663234590087,0.7067918181419373,0.1426553279143424,7.897855890444043,0.5277638638347251,,0.035900783483751385,0.43008703686025046,,subtract,75.0,,,,,,,,,,,,,,
rolling_ball,rolling_ball__v5__hm_0,Aufnahme-07_2Mio_nach_72h.jpg,1.3755451128315104,0.20400240572053008,0.8692900538444519,0.2202897395133118,5.212161101164213,1.2993121092742748,,0.03192480999834822,0.4763733052982604,,subtract,100.0,,,,,,,,,,,,,,
rolling_ball,rolling_ball__v6__hm_1,Aufnahme-07_2Mio_nach_72h.jpg,1.6983782931485667,0.2731663234590087,0.7067918181419373,0.1426553279143424,7.897855890444043,0.5277638638347251,,0.035900783483751385,0.43008703686025046,,subtract,100.0,,,,,,,,,,,,,,
rolling_ball,rolling_ball__v7__hm_0,Aufnahme-07_2Mio_nach_72h.jpg,1.3755451128315104,0.20400240572053008,0.8692900538444519,0.2202897395133118,5.212161101164213,1.2993121092742748,,0.03192480999834822,0.4763733052982604,,subtract,125.0,,,,,,,,,,,,,,
rolling_ball,rolling_ball__v8__hm_1,Aufnahme-07_2Mio_nach_72h.jpg,1.6983782931485667,0.2731663234590087,0.7067918181419373,0.1426553279143424,7.897855890444043,0.5277638638347251,,0.035900783483751385,0.43008703686025046,,subtract,125.0,,,,,,,,,,,,,,
rolling_ball,rolling_ball__v9__hm_0,Aufnahme-07_2Mio_nach_72h.jpg,1.3755451128315104,0.20400240572053008,0.8692900538444519,0.2202897395133118,5.212161101164213,1.2993121092742748,,0.03192480999834822,0.4763733052982604,,subtract,150.0,,,,,,,,,,,,,,
rolling_ball,rolling_ball__v10__hm_1,Aufnahme-07_2Mio_nach_72h.jpg,1.6983782931485667,0.2731663234590087,0.7067918181419373,0.1426553279143424,7.897855890444043,0.5277638638347251,,0.035900783483751385,0.43008703686025046,,subtract,150.0,,,,,,,,,,,,,,
polynomial_fit,polynomial_fit__v1__hm_1,Aufnahme-07_2Mio_nach_72h.jpg,4.054473234317364,0.3183291552704759,0.7710046172142029,0.2179524565550991,5.285879636670493,0.2837925460365595,,0.03744787245910184,0.3935782903451295,,subtract,,2.0,True,2.5,5.0,,,,,,,,,,
polynomial_fit,polynomial_fit__v2__hm_1,Aufnahme-07_2Mio_nach_72h.jpg,4.054473234317364,0.3183291552704759,0.7710046172142029,0.2179524565550991,5.285879636670493,0.2837925460365595,,0.03744787245910184,0.3935782903451295,,subtract,,3.0,True,2.5,5.0,,,,,,,,,,
basicpy,basicpy__v1__hm_0,Aufnahme-07_2Mio_nach_72h.jpg,1.310347851149033,0.2337209053512197,0.7878493666648865,0.23551239876202126,6.178333381031412,1.6841680364545861,,0.031143821356085268,0.4706134528640632,,,,,,,,approximate,False,0.5,0.1,True,10.0,250.0,8.0,5.0,.basicpy_models
basicpy,basicpy__v2__hm_1,Aufnahme-07_2Mio_nach_72h.jpg,4.411719369000663,0.34332777169765905,0.7659379243850708,0.22675875143860103,4.777663221443345,0.24400990874270673,,0.03874641912662294,0.3895673484553975,,,,,,,,approximate,False,0.5,0.1,True,10.0,250.0,8.0,5.0,.basicpy_models
basicpy,basicpy__v3__hm_0,Aufnahme-07_2Mio_nach_72h.jpg,1.310347851149033,0.2337209053512197,0.7878493666648865,0.23551239876202126,6.178333381031412,1.6841680364545861,,0.031143821356085268,0.4706134528640632,,,,,,,,approximate,False,1.0,0.1,True,10.0,250.0,8.0,5.0,.basicpy_models
basicpy,basicpy__v4__hm_1,Aufnahme-07_2Mio_nach_72h.jpg,4.411719369000663,0.34332777169765905,0.7659379243850708,0.22675875143860103,4.777663221443345,0.24400990874270673,,0.03874641912662294,0.3895673484553975,,,,,,,,approximate,False,1.0,0.1,True,10.0,250.0,8.0,5.0,.basicpy_models
basicpy,basicpy__v5__hm_0,Aufnahme-07_2Mio_nach_72h.jpg,1.310347851149033,0.2337209053512197,0.7878493666648865,0.23551239876202126,6.178333381031412,1.6841680364545861,,0.031143821356085268,0.4706134528640632,,,,,,,,approximate,False,2.0,0.1,True,10.0,250.0,8.0,5.0,.basicpy_models
basicpy,basicpy__v6__hm_1,Aufnahme-07_2Mio_nach_72h.jpg,4.411719369000663,0.34332777169765905,0.7659379243850708,0.22675875143860103,4.777663221443345,0.24400990874270673,,0.03874641912662294,0.3895673484553975,,,,,,,,approximate,False,2.0,0.1,True,10.0,250.0,8.0,5.0,.basicpy_models
basicpy,basicpy__v7__hm_0,Aufnahme-07_2Mio_nach_72h.jpg,1.310347851149033,0.2337209053512197,0.7878493666648865,0.23551239876202126,6.178333381031412,1.6841680364545861,,0.031143821356085268,0.4706134528640632,,,,,,,,approximate,True,0.5,0.1,True,10.0,250.0,8.0,5.0,.basicpy_models
basicpy,basicpy__v8__hm_1,Aufnahme-07_2Mio_nach_72h.jpg,4.411719369000663,0.34332777169765905,0.7659379243850708,0.22675875143860103,4.777663221443345,0.24400990874270673,,0.03874641912662294,0.3895673484553975,,,,,,,,approximate,True,0.5,0.1,True,10.0,250.0,8.0,5.0,.basicpy_models
basicpy,basicpy__v9__hm_0,Aufnahme-07_2Mio_nach_72h.jpg,1.310347851149033,0.2337209053512197,0.7878493666648865,0.23551239876202126,6.178333381031412,1.6841680364545861,,0.031143821356085268,0.4706134528640632,,,,,,,,approximate,True,1.0,0.1,True,10.0,250.0,8.0,5.0,.basicpy_models
basicpy,basicpy__v10__hm_1,Aufnahme-07_2Mio_nach_72h.jpg,4.411719369000663,0.34332777169765905,0.7659379243850708,0.22675875143860103,4.777663221443345,0.24400990874270673,,0.03874641912662294,0.3895673484553975,,,,,,,,approximate,True,1.0,0.1,True,10.0,250.0,8.0,5.0,.basicpy_models
basicpy,basicpy__v11__hm_0,Aufnahme-07_2Mio_nach_72h.jpg,1.310347851149033,0.2337209053512197,0.7878493666648865,0.23551239876202126,6.178333381031412,1.6841680364545861,,0.031143821356085268,0.4706134528640632,,,,,,,,approximate,True,2.0,0.1,True,10.0,250.0,8.0,5.0,.basicpy_models
basicpy,basicpy__v12__hm_1,Aufnahme-07_2Mio_nach_72h.jpg,4.411719369000663,0.34332777169765905,0.7659379243850708,0.22675875143860103,4.777663221443345,0.24400990874270673,,0.03874641912662294,0.3895673484553975,,,,,,,,approximate,True,2.0,0.1,True,10.0,250.0,8.0,5.0,.basicpy_models
basicpy,basicpy__v13__hm_0,Aufnahme-07_2Mio_nach_72h.jpg,1.310347851149033,0.2337209053512197,0.7878493666648865,0.23551239876202126,6.178333381031412,1.6841680364545861,,0.031143821356085268,0.4706134528640632,,,,,,,,ladmap,False,0.5,0.1,True,10.0,250.0,8.0,5.0,.basicpy_models
basicpy,basicpy__v14__hm_1,Aufnahme-07_2Mio_nach_72h.jpg,4.411719369000663,0.34332777169765905,0.7659379243850708,0.22675875143860103,4.777663221443345,0.24400990874270673,,0.03874641912662294,0.3895673484553975,,,,,,,,ladmap,False,0.5,0.1,True,10.0,250.0,8.0,5.0,.basicpy_models
basicpy,basicpy__v15__hm_0,Aufnahme-07_2Mio_nach_72h.jpg,1.310347851149033,0.2337209053512197,0.7878493666648865,0.23551239876202126,6.178333381031412,1.6841680364545861,,0.031143821356085268,0.4706134528640632,,,,,,,,ladmap,False,1.0,0.1,True,10.0,250.0,8.0,5.0,.basicpy_models
basicpy,basicpy__v16__hm_1,Aufnahme-07_2Mio_nach_72h.jpg,4.411719369000663,0.34332777169765905,0.7659379243850708,0.22675875143860103,4.777663221443345,0.24400990874270673,,0.03874641912662294,0.3895673484553975,,,,,,,,ladmap,False,1.0,0.1,True,10.0,250.0,8.0,5.0,.basicpy_models
basicpy,basicpy__v17__hm_0,Aufnahme-07_2Mio_nach_72h.jpg,1.310347851149033,0.2337209053512197,0.7878493666648865,0.23551239876202126,6.178333381031412,1.6841680364545861,,0.031143821356085268,0.4706134528640632,,,,,,,,ladmap,False,2.0,0.1,True,10.0,250.0,8.0,5.0,.basicpy_models
basicpy,basicpy__v18__hm_1,Aufnahme-07_2Mio_nach_72h.jpg,4.411719369000663,0.34332777169765905,0.7659379243850708,0.22675875143860103,4.777663221443345,0.24400990874270673,,0.03874641912662294,0.3895673484553975,,,,,,,,ladmap,False,2.0,0.1,True,10.0,250.0,8.0,5.0,.basicpy_models
basicpy,basicpy__v19__hm_0,Aufnahme-07_2Mio_nach_72h.jpg,1.310347851149033,0.2337209053512197,0.7878493666648865,0.23551239876202126,6.178333381031412,1.6841680364545861,,0.031143821356085268,0.4706134528640632,,,,,,,,ladmap,True,0.5,0.1,True,10.0,250.0,8.0,5.0,.basicpy_models
basicpy,basicpy__v20__hm_1,Aufnahme-07_2Mio_nach_72h.jpg,4.411719369000663,0.34332777169765905,0.7659379243850708,0.22675875143860103,4.777663221443345,0.24400990874270673,,0.03874641912662294,0.3895673484553975,,,,,,,,ladmap,True,0.5,0.1,True,10.0,250.0,8.0,5.0,.basicpy_models
basicpy,basicpy__v21__hm_0,Aufnahme-07_2Mio_nach_72h.jpg,1.310347851149033,0.2337209053512197,0.7878493666648865,0.23551239876202126,6.178333381031412,1.6841680364545861,,0.031143821356085268,0.4706134528640632,,,,,,,,ladmap,True,1.0,0.1,True,10.0,250.0,8.0,5.0,.basicpy_models
basicpy,basicpy__v22__hm_1,Aufnahme-07_2Mio_nach_72h.jpg,4.411719369000663,0.34332777169765905,0.7659379243850708,0.22675875143860103,4.777663221443345,0.24400990874270673,,0.03874641912662294,0.3895673484553975,,,,,,,,ladmap,True,1.0,0.1,True,10.0,250.0,8.0,5.0,.basicpy_models
basicpy,basicpy__v23__hm_0,Aufnahme-07_2Mio_nach_72h.jpg,1.310347851149033,0.2337209053512197,0.7878493666648865,0.23551239876202126,6.178333381031412,1.6841680364545861,,0.031143821356085268,0.4706134528640632,,,,,,,,ladmap,True,2.0,0.1,True,10.0,250.0,8.0,5.0,.basicpy_models
basicpy,basicpy__v24__hm_1,Aufnahme-07_2Mio_nach_72h.jpg,4.411719369000663,0.34332777169765905,0.7659379243850708,0.22675875143860103,4.777663221443345,0.24400990874270673,,0.03874641912662294,0.3895673484553975,,,,,,,,ladmap,True,2.0,0.1,True,10.0,250.0,8.0,5.0,.basicpy_models
gaussian_background,gaussian_background__v1__hm_1,"Aufnahme-08_0,5Mio_nach_72h.jpg",4.4774897791433155,0.3494642784935422,0.6535599827766418,0.16492403515584006,6.6294285650711915,0.2349697638163385,,0.039617878112195914,0.3684113444569099,10.0,subtract,,,,,,,,,,,,,,,
gaussian_background,gaussian_background__v2__hm_1,"Aufnahme-08_0,5Mio_nach_72h.jpg",4.4774897791433155,0.3494642784935422,0.6535599827766418,0.16492403515584006,6.6294285650711915,0.2349697638163385,,0.039617878112195914,0.3684113444569099,20.0,subtract,,,,,,,,,,,,,,,
gaussian_background,gaussian_background__v3__hm_1,"Aufnahme-08_0,5Mio_nach_72h.jpg",4.4774897791433155,0.3494642784935422,0.6535599827766418,0.16492403515584006,6.6294285650711915,0.2349697638163385,,0.039617878112195914,0.3684113444569099,30.0,subtract,,,,,,,,,,,,,,,
gaussian_background,gaussian_background__v4__hm_1,"Aufnahme-08_0,5Mio_nach_72h.jpg",4.4774897791433155,0.3494642784935422,0.6535599827766418,0.16492403515584006,6.6294285650711915,0.2349697638163385,,0.039617878112195914,0.3684113444569099,40.0,subtract,,,,,,,,,,,,,,,
morphological_opening,morphological_opening__v1__hm_1,"Aufnahme-08_0,5Mio_nach_72h.jpg",1.9557953196063338,0.28404477177537046,0.6848164200782776,0.13322580498169598,9.428838778664561,0.5412525056361298,,0.028305371854062775,0.41738232622087706,,subtract,15.0,,,,,,,,,,,,,,
morphological_opening,morphological_opening__v2__hm_1,"Aufnahme-08_0,5Mio_nach_72h.jpg",1.9557953196063338,0.28404477177537046,0.6848164200782776,0.13322580498169598,9.428838778664561,0.5412525056361298,,0.028305371854062775,0.41738232622087706,,subtract,25.0,,,,,,,,,,,,,,
morphological_opening,morphological_opening__v3__hm_1,"Aufnahme-08_0,5Mio_nach_72h.jpg",1.9557953196063338,0.28404477177537046,0.6848164200782776,0.13322580498169598,9.428838778664561,0.5412525056361298,,0.028305371854062775,0.41738232622087706,,subtract,35.0,,,,,,,,,,,,,,
morphological_opening,morphological_opening__v4__hm_1,"Aufnahme-08_0,5Mio_nach_72h.jpg",1.9557953196063338,0.28404477177537046,0.6848164200782776,0.13322580498169598,9.428838778664561,0.5412525056361298,,0.028305371854062775,0.41738232622087706,,subtract,50.0,,,,,,,,,,,,,,
rolling_ball,rolling_ball__v1__hm_0,"Aufnahme-08_0,5Mio_nach_72h.jpg",1.7068771756170649,0.2467444594949484,0.845186710357666,0.3277601108138495,5.641857928310763,2.036615669357813,,0.02559471534776056,0.46951345532738814,,subtract,50.0,,,,,,,,,,,,,,
rolling_ball,rolling_ball__v2__hm_1,"Aufnahme-08_0,5Mio_nach_72h.jpg",2.248129058559138,0.269573237572331,0.5230318307876587,0.10959279323135812,8.792446661835077,0.4041674623097499,,0.02887170840861093,0.38716348574604303,,subtract,50.0,,,,,,,,,,,,,,
rolling_ball,rolling_ball__v3__hm_0,"Aufnahme-08_0,5Mio_nach_72h.jpg",1.7068771756170649,0.2467444594949484,0.845186710357666,0.3277601108138495,5.641857928310763,2.036615669357813,,0.02559471534776056,0.46951345532738814,,subtract,75.0,,,,,,,,,,,,,,
rolling_ball,rolling_ball__v4__hm_1,"Aufnahme-08_0,5Mio_nach_72h.jpg",2.248129058559138,0.269573237572331,0.5230318307876587,0.10959279323135812,8.792446661835077,0.4041674623097499,,0.02887170840861093,0.38716348574604303,,subtract,75.0,,,,,,,,,,,,,,
rolling_ball,rolling_ball__v5__hm_0,"Aufnahme-08_0,5Mio_nach_72h.jpg",1.7068771756170649,0.2467444594949484,0.845186710357666,0.3277601108138495,5.641857928310763,2.036615669357813,,0.02559471534776056,0.46951345532738814,,subtract,100.0,,,,,,,,,,,,,,
rolling_ball,rolling_ball__v6__hm_1,"Aufnahme-08_0,5Mio_nach_72h.jpg",2.248129058559138,0.269573237572331,0.5230318307876587,0.10959279323135812,8.792446661835077,0.4041674623097499,,0.02887170840861093,0.38716348574604303,,subtract,100.0,,,,,,,,,,,,,,
rolling_ball,rolling_ball__v7__hm_0,"Aufnahme-08_0,5Mio_nach_72h.jpg",1.7068771756170649,0.2467444594949484,0.845186710357666,0.3277601108138495,5.641857928310763,2.036615669357813,,0.02559471534776056,0.46951345532738814,,subtract,125.0,,,,,,,,,,,,,,
rolling_ball,rolling_ball__v8__hm_1,"Aufnahme-08_0,5Mio_nach_72h.jpg",2.248129058559138,0.269573237572331,0.5230318307876587,0.10959279323135812,8.792446661835077,0.4041674623097499,,0.02887170840861093,0.38716348574604303,,subtract,125.0,,,,,,,,,,,,,,
rolling_ball,rolling_ball__v9__hm_0,"Aufnahme-08_0,5Mio_nach_72h.jpg",1.7068771756170649,0.2467444594949484,0.845186710357666,0.3277601108138495,5.641857928310763,2.036615669357813,,0.02559471534776056,0.46951345532738814,,subtract,150.0,,,,,,,,,,,,,,
rolling_ball,rolling_ball__v10__hm_1,"Aufnahme-08_0,5Mio_nach_72h.jpg",2.248129058559138,0.269573237572331,0.5230318307876587,0.10959279323135812,8.792446661835077,0.4041674623097499,,0.02887170840861093,0.38716348574604303,,subtract,150.0,,,,,,,,,,,,,,
polynomial_fit,polynomial_fit__v1__hm_1,"Aufnahme-08_0,5Mio_nach_72h.jpg",3.5918156583171275,0.2975508345407434,0.6731213927268982,0.16267392045024298,7.338908541465087,0.32441475122279684,,0.03363020994832984,0.3825064341186265,,subtract,,2.0,True,2.5,5.0,,,,,,,,,,
polynomial_fit,polynomial_fit__v2__hm_1,"Aufnahme-08_0,5Mio_nach_72h.jpg",3.5918156583171275,0.2975508345407434,0.6731213927268982,0.16267392045024298,7.338908541465087,0.32441475122279684,,0.03363020994832984,0.3825064341186265,,subtract,,3.0,True,2.5,5.0,,,,,,,,,,
basicpy,basicpy__v1__hm_0,"Aufnahme-08_0,5Mio_nach_72h.jpg",1.700891291566846,0.2531214385526255,0.7837101817131042,0.2851048281171515,6.2622908598708085,2.236273323540636,,0.030921620835995173,0.4568452375718955,,,,,,,,approximate,False,0.5,0.1,True,10.0,250.0,8.0,5.0,.basicpy_models
basicpy,basicpy__v2__hm_1,"Aufnahme-08_0,5Mio_nach_72h.jpg",4.477490113576863,0.3494643269223161,0.6504979133605957,0.16632152711537634,6.433646141855249,0.23222326646035135,,0.04019012453907051,0.36816422263533294,,,,,,,,approximate,False,0.5,0.1,True,10.0,250.0,8.0,5.0,.basicpy_models
basicpy,basicpy__v3__hm_0,"Aufnahme-08_0,5Mio_nach_72h.jpg",1.700891291566846,0.2531214385526255,0.7837101817131042,0.2851048281171515,6.2622908598708085,2.236273323540636,,0.030921620835995173,0.4568452375718955,,,,,,,,approximate,False,1.0,0.1,True,10.0,250.0,8.0,5.0,.basicpy_models
basicpy,basicpy__v4__hm_1,"Aufnahme-08_0,5Mio_nach_72h.jpg",4.477490113576863,0.3494643269223161,0.6504979133605957,0.16632152711537634,6.433646141855249,0.23222326646035135,,0.04019012453907051,0.36816422263533294,,,,,,,,approximate,False,1.0,0.1,True,10.0,250.0,8.0,5.0,.basicpy_models
basicpy,basicpy__v5__hm_0,"Aufnahme-08_0,5Mio_nach_72h.jpg",1.700891291566846,0.2531214385526255,0.7837101817131042,0.2851048281171515,6.2622908598708085,2.236273323540636,,0.030921620835995173,0.4568452375718955,,,,,,,,approximate,False,2.0,0.1,True,10.0,250.0,8.0,5.0,.basicpy_models
basicpy,basicpy__v6__hm_1,"Aufnahme-08_0,5Mio_nach_72h.jpg",4.477490113576863,0.3494643269223161,0.6504979133605957,0.16632152711537634,6.433646141855249,0.23222326646035135,,0.04019012453907051,0.36816422263533294,,,,,,,,approximate,False,2.0,0.1,True,10.0,250.0,8.0,5.0,.basicpy_models
basicpy,basicpy__v7__hm_0,"Aufnahme-08_0,5Mio_nach_72h.jpg",1.700891291566846,0.2531214385526255,0.7837101817131042,0.2851048281171515,6.2622908598708085,2.236273323540636,,0.030921620835995173,0.4568452375718955,,,,,,,,approximate,True,0.5,0.1,True,10.0,250.0,8.0,5.0,.basicpy_models
basicpy,basicpy__v8__hm_1,"Aufnahme-08_0,5Mio_nach_72h.jpg",4.477490113576863,0.3494643269223161,0.6504979133605957,0.16632152711537634,6.433646141855249,0.23222326646035135,,0.04019012453907051,0.36816422263533294,,,,,,,,approximate,True,0.5,0.1,True,10.0,250.0,8.0,5.0,.basicpy_models
basicpy,basicpy__v9__hm_0,"Aufnahme-08_0,5Mio_nach_72h.jpg",1.700891291566846,0.2531214385526255,0.7837101817131042,0.2851048281171515,6.2622908598708085,2.236273323540636,,0.030921620835995173,0.4568452375718955,,,,,,,,approximate,True,1.0,0.1,True,10.0,250.0,8.0,5.0,.basicpy_models
basicpy,basicpy__v10__hm_1,"Aufnahme-08_0,5Mio_nach_72h.jpg",4.477490113576863,0.3494643269223161,0.6504979133605957,0.16632152711537634,6.433646141855249,0.23222326646035135,,0.04019012453907051,0.36816422263533294,,,,,,,,approximate,True,1.0,0.1,True,10.0,250.0,8.0,5.0,.basicpy_models
basicpy,basicpy__v11__hm_0,"Aufnahme-08_0,5Mio_nach_72h.jpg",1.700891291566846,0.2531214385526255,0.7837101817131042,0.2851048281171515,6.2622908598708085,2.236273323540636,,0.030921620835995173,0.4568452375718955,,,,,,,,approximate,True,2.0,0.1,True,10.0,250.0,8.0,5.0,.basicpy_models
basicpy,basicpy__v12__hm_1,"Aufnahme-08_0,5Mio_nach_72h.jpg",4.477490113576863,0.3494643269223161,0.6504979133605957,0.16632152711537634,6.433646141855249,0.23222326646035135,,0.04019012453907051,0.36816422263533294,,,,,,,,approximate,True,2.0,0.1,True,10.0,250.0,8.0,5.0,.basicpy_models
basicpy,basicpy__v13__hm_0,"Aufnahme-08_0,5Mio_nach_72h.jpg",1.700891291566846,0.2531214385526255,0.7837101817131042,0.2851048281171515,6.2622908598708085,2.236273323540636,,0.030921620835995173,0.4568452375718955,,,,,,,,ladmap,False,0.5,0.1,True,10.0,250.0,8.0,5.0,.basicpy_models
basicpy,basicpy__v14__hm_1,"Aufnahme-08_0,5Mio_nach_72h.jpg",4.477490113576863,0.3494643269223161,0.6504979133605957,0.16632152711537634,6.433646141855249,0.23222326646035135,,0.04019012453907051,0.36816422263533294,,,,,,,,ladmap,False,0.5,0.1,True,10.0,250.0,8.0,5.0,.basicpy_models
basicpy,basicpy__v15__hm_0,"Aufnahme-08_0,5Mio_nach_72h.jpg",1.700891291566846,0.2531214385526255,0.7837101817131042,0.2851048281171515,6.2622908598708085,2.236273323540636,,0.030921620835995173,0.4568452375718955,,,,,,,,ladmap,False,1.0,0.1,True,10.0,250.0,8.0,5.0,.basicpy_models
basicpy,basicpy__v16__hm_1,"Aufnahme-08_0,5Mio_nach_72h.jpg",4.477490113576863,0.3494643269223161,0.6504979133605957,0.16632152711537634,6.433646141855249,0.23222326646035135,,0.04019012453907051,0.36816422263533294,,,,,,,,ladmap,False,1.0,0.1,True,10.0,250.0,8.0,5.0,.basicpy_models
basicpy,basicpy__v17__hm_0,"Aufnahme-08_0,5Mio_nach_72h.jpg",1.700891291566846,0.2531214385526255,0.7837101817131042,0.2851048281171515,6.2622908598708085,2.236273323540636,,0.030921620835995173,0.4568452375718955,,,,,,,,ladmap,False,2.0,0.1,True,10.0,250.0,8.0,5.0,.basicpy_models
basicpy,basicpy__v18__hm_1,"Aufnahme-08_0,5Mio_nach_72h.jpg",4.477490113576863,0.3494643269223161,0.6504979133605957,0.16632152711537634,6.433646141855249,0.23222326646035135,,0.04019012453907051,0.36816422263533294,,,,,,,,ladmap,False,2.0,0.1,True,10.0,250.0,8.0,5.0,.basicpy_models
basicpy,basicpy__v19__hm_0,"Aufnahme-08_0,5Mio_nach_72h.jpg",1.700891291566846,0.2531214385526255,0.7837101817131042,0.2851048281171515,6.2622908598708085,2.236273323540636,,0.030921620835995173,0.4568452375718955,,,,,,,,ladmap,True,0.5,0.1,True,10.0,250.0,8.0,5.0,.basicpy_models
basicpy,basicpy__v20__hm_1,"Aufnahme-08_0,5Mio_nach_72h.jpg",4.477490113576863,0.3494643269223161,0.6504979133605957,0.16632152711537634,6.433646141855249,0.23222326646035135,,0.04019012453907051,0.36816422263533294,,,,,,,,ladmap,True,0.5,0.1,True,10.0,250.0,8.0,5.0,.basicpy_models
basicpy,basicpy__v21__hm_0,"Aufnahme-08_0,5Mio_nach_72h.jpg",1.700891291566846,0.2531214385526255,0.7837101817131042,0.2851048281171515,6.2622908598708085,2.236273323540636,,0.030921620835995173,0.4568452375718955,,,,,,,,ladmap,True,1.0,0.1,True,10.0,250.0,8.0,5.0,.basicpy_models
basicpy,basicpy__v22__hm_1,"Aufnahme-08_0,5Mio_nach_72h.jpg",4.477490113576863,0.3494643269223161,0.6504979133605957,0.16632152711537634,6.433646141855249,0.23222326646035135,,0.04019012453907051,0.36816422263533294,,,,,,,,ladmap,True,1.0,0.1,True,10.0,250.0,8.0,5.0,.basicpy_models
basicpy,basicpy__v23__hm_0,"Aufnahme-08_0,5Mio_nach_72h.jpg",1.700891291566846,0.2531214385526255,0.7837101817131042,0.2851048281171515,6.2622908598708085,2.236273323540636,,0.030921620835995173,0.4568452375718955,,,,,,,,ladmap,True,2.0,0.1,True,10.0,250.0,8.0,5.0,.basicpy_models
basicpy,basicpy__v24__hm_1,"Aufnahme-08_0,5Mio_nach_72h.jpg",4.477490113576863,0.3494643269223161,0.6504979133605957,0.16632152711537634,6.433646141855249,0.23222326646035135,,0.04019012453907051,0.36816422263533294,,,,,,,,ladmap,True,2.0,0.1,True,10.0,250.0,8.0,5.0,.basicpy_models
gaussian_background,gaussian_background__v1__hm_1,"Aufnahme-09_0,5Mio_nach_72h.jpg",4.5796451164092025,0.3599980248254724,0.6519030928611755,0.12136821973922171,6.5665190095814,0.2173654574999987,,0.03941311416744832,0.3620158898618281,10.0,subtract,,,,,,,,,,,,,,,
gaussian_background,gaussian_background__v2__hm_1,"Aufnahme-09_0,5Mio_nach_72h.jpg",4.5796451164092025,0.3599980248254724,0.6519030928611755,0.12136821973922171,6.5665190095814,0.2173654574999987,,0.03941311416744832,0.3620158898618281,20.0,subtract,,,,,,,,,,,,,,,
gaussian_background,gaussian_background__v3__hm_1,"Aufnahme-09_0,5Mio_nach_72h.jpg",4.5796451164092025,0.3599980248254724,0.6519030928611755,0.12136821973922171,6.5665190095814,0.2173654574999987,,0.03941311416744832,0.3620158898618281,30.0,subtract,,,,,,,,,,,,,,,
gaussian_background,gaussian_background__v4__hm_1,"Aufnahme-09_0,5Mio_nach_72h.jpg",4.5796451164092025,0.3599980248254724,0.6519030928611755,0.12136821973922171,6.5665190095814,0.2173654574999987,,0.03941311416744832,0.3620158898618281,40.0,subtract,,,,,,,,,,,,,,,
morphological_opening,morphological_opening__v1__hm_1,"Aufnahme-09_0,5Mio_nach_72h.jpg",2.8248995392203455,0.29215791760361753,0.6843720078468323,0.0896400246293021,10.350089180804947,0.5257834668452538,,0.030134613402859813,0.38905493496299276,,subtract,15.0,,,,,,,,,,,,,,
morphological_opening,morphological_opening__v2__hm_1,"Aufnahme-09_0,5Mio_nach_72h.jpg",2.8248995392203455,0.29215791760361753,0.6843720078468323,0.0896400246293021,10.350089180804947,0.5257834668452538,,0.030134613402859813,0.38905493496299276,,subtract,25.0,,,,,,,,,,,,,,
morphological_opening,morphological_opening__v3__hm_1,"Aufnahme-09_0,5Mio_nach_72h.jpg",2.8248995392203455,0.29215791760361753,0.6843720078468323,0.0896400246293021,10.350089180804947,0.5257834668452538,,0.030134613402859813,0.38905493496299276,,subtract,35.0,,,,,,,,,,,,,,
morphological_opening,morphological_opening__v4__hm_1,"Aufnahme-09_0,5Mio_nach_72h.jpg",2.8248995392203455,0.29215791760361753,0.6843720078468323,0.0896400246293021,10.350089180804947,0.5257834668452538,,0.030134613402859813,0.38905493496299276,,subtract,50.0,,,,,,,,,,,,,,
rolling_ball,rolling_ball__v1__hm_0,"Aufnahme-09_0,5Mio_nach_72h.jpg",1.7438779965592808,0.24827553250361234,0.8326900005340576,0.25167411885696306,6.08323074303105,2.103257418339379,,0.030177242516940435,0.45721909602510724,,subtract,50.0,,,,,,,,,,,,,,
rolling_ball,rolling_ball__v2__hm_1,"Aufnahme-09_0,5Mio_nach_72h.jpg",2.070414729330346,0.2769304065150209,0.5258266925811768,0.07082741364707422,9.713945008697808,0.3970647138784363,,0.02916073325417217,0.3880033402653258,,subtract,50.0,,,,,,,,,,,,,,
rolling_ball,rolling_ball__v3__hm_0,"Aufnahme-09_0,5Mio_nach_72h.jpg",1.7438779965592808,0.24827553250361234,0.8326900005340576,0.25167411885696306,6.08323074303105,2.103257418339379,,0.030177242516940435,0.45721909602510724,,subtract,75.0,,,,,,,,,,,,,,
rolling_ball,rolling_ball__v4__hm_1,"Aufnahme-09_0,5Mio_nach_72h.jpg",2.070414729330346,0.2769304065150209,0.5258266925811768,0.07082741364707422,9.713945008697808,0.3970647138784363,,0.02916073325417217,0.3880033402653258,,subtract,75.0,,,,,,,,,,,,,,
rolling_ball,rolling_ball__v5__hm_0,"Aufnahme-09_0,5Mio_nach_72h.jpg",1.7438779965592808,0.24827553250361234,0.8326900005340576,0.25167411885696306,6.08323074303105,2.103257418339379,,0.030177242516940435,0.45721909602510724,,subtract,100.0,,,,,,,,,,,,,,
rolling_ball,rolling_ball__v6__hm_1,"Aufnahme-09_0,5Mio_nach_72h.jpg",2.070414729330346,0.2769304065150209,0.5258266925811768,0.07082741364707422,9.713945008697808,0.3970647138784363,,0.02916073325417217,0.3880033402653258,,subtract,100.0,,,,,,,,,,,,,,
rolling_ball,rolling_ball__v7__hm_0,"Aufnahme-09_0,5Mio_nach_72h.jpg",1.7438779965592808,0.24827553250361234,0.8326900005340576,0.25167411885696306,6.08323074303105,2.103257418339379,,0.030177242516940435,0.45721909602510724,,subtract,125.0,,,,,,,,,,,,,,
rolling_ball,rolling_ball__v8__hm_1,"Aufnahme-09_0,5Mio_nach_72h.jpg",2.070414729330346,0.2769304065150209,0.5258266925811768,0.07082741364707422,9.713945008697808,0.3970647138784363,,0.02916073325417217,0.3880033402653258,,subtract,125.0,,,,,,,,,,,,,,
rolling_ball,rolling_ball__v9__hm_0,"Aufnahme-09_0,5Mio_nach_72h.jpg",1.7438779965592808,0.24827553250361234,0.8326900005340576,0.25167411885696306,6.08323074303105,2.103257418339379,,0.030177242516940435,0.45721909602510724,,subtract,150.0,,,,,,,,,,,,,,
rolling_ball,rolling_ball__v10__hm_1,"Aufnahme-09_0,5Mio_nach_72h.jpg",2.070414729330346,0.2769304065150209,0.5258266925811768,0.07082741364707422,9.713945008697808,0.3970647138784363,,0.02916073325417217,0.3880033402653258,,subtract,150.0,,,,,,,,,,,,,,
polynomial_fit,polynomial_fit__v1__hm_1,"Aufnahme-09_0,5Mio_nach_72h.jpg",3.6314258042000267,0.29919810203136876,0.6585215926170349,0.11062037854911773,7.993565322957929,0.3209267412024465,,0.033684404105278086,0.3741261541668522,,subtract,,2.0,True,2.5,5.0,,,,,,,,,,
polynomial_fit,polynomial_fit__v2__hm_1,"Aufnahme-09_0,5Mio_nach_72h.jpg",3.6314258042000267,0.29919810203136876,0.6585215926170349,0.11062037854911773,7.993565322957929,0.3209267412024465,,0.033684404105278086,0.3741261541668522,,subtract,,3.0,True,2.5,5.0,,,,,,,,,,
basicpy,basicpy__v1__hm_0,"Aufnahme-09_0,5Mio_nach_72h.jpg",1.6855131958627536,0.2539627394871786,0.784512996673584,0.22382054554476932,6.595428031315043,2.2807609410546488,,0.03195468421657816,0.45027790328556266,,,,,,,,approximate,False,0.5,0.1,True,10.0,250.0,8.0,5.0,.basicpy_models
basicpy,basicpy__v2__hm_1,"Aufnahme-09_0,5Mio_nach_72h.jpg",4.646306477849651,0.36650203150929883,0.6519265174865723,0.12454871406757187,6.233972072488589,0.21002136197510907,,0.039029119043606404,0.36170820854047664,,,,,,,,approximate,False,0.5,0.1,True,10.0,250.0,8.0,5.0,.basicpy_models
basicpy,basicpy__v3__hm_0,"Aufnahme-09_0,5Mio_nach_72h.jpg",1.6855131958627536,0.2539627394871786,0.784512996673584,0.22382054554476932,6.595428031315043,2.2807609410546488,,0.03195468421657816,0.45027790328556266,,,,,,,,approximate,False,1.0,0.1,True,10.0,250.0,8.0,5.0,.basicpy_models
basicpy,basicpy__v4__hm_1,"Aufnahme-09_0,5Mio_nach_72h.jpg",4.646306477849651,0.36650203150929883,0.6519265174865723,0.12454871406757187,6.233972072488589,0.21002136197510907,,0.039029119043606404,0.36170820854047664,,,,,,,,approximate,False,1.0,0.1,True,10.0,250.0,8.0,5.0,.basicpy_models
basicpy,basicpy__v5__hm_0,"Aufnahme-09_0,5Mio_nach_72h.jpg",1.6855131958627536,0.2539627394871786,0.784512996673584,0.22382054554476932,6.595428031315043,2.2807609410546488,,0.03195468421657816,0.45027790328556266,,,,,,,,approximate,False,2.0,0.1,True,10.0,250.0,8.0,5.0,.basicpy_models
basicpy,basicpy__v6__hm_1,"Aufnahme-09_0,5Mio_nach_72h.jpg",4.646306477849651,0.36650203150929883,0.6519265174865723,0.12454871406757187,6.233972072488589,0.21002136197510907,,0.039029119043606404,0.36170820854047664,,,,,,,,approximate,False,2.0,0.1,True,10.0,250.0,8.0,5.0,.basicpy_models
basicpy,basicpy__v7__hm_0,"Aufnahme-09_0,5Mio_nach_72h.jpg",1.6855131958627536,0.2539627394871786,0.784512996673584,0.22382054554476932,6.595428031315043,2.2807609410546488,,0.03195468421657816,0.45027790328556266,,,,,,,,approximate,True,0.5,0.1,True,10.0,250.0,8.0,5.0,.basicpy_models
basicpy,basicpy__v8__hm_1,"Aufnahme-09_0,5Mio_nach_72h.jpg",4.646306477849651,0.36650203150929883,0.6519265174865723,0.12454871406757187,6.233972072488589,0.21002136197510907,,0.039029119043606404,0.36170820854047664,,,,,,,,approximate,True,0.5,0.1,True,10.0,250.0,8.0,5.0,.basicpy_models
basicpy,basicpy__v9__hm_0,"Aufnahme-09_0,5Mio_nach_72h.jpg",1.6855131958627536,0.2539627394871786,0.784512996673584,0.22382054554476932,6.595428031315043,2.2807609410546488,,0.03195468421657816,0.45027790328556266,,,,,,,,approximate,True,1.0,0.1,True,10.0,250.0,8.0,5.0,.basicpy_models
basicpy,basicpy__v10__hm_1,"Aufnahme-09_0,5Mio_nach_72h.jpg",4.646306477849651,0.36650203150929883,0.6519265174865723,0.12454871406757187,6.233972072488589,0.21002136197510907,,0.039029119043606404,0.36170820854047664,,,,,,,,approximate,True,1.0,0.1,True,10.0,250.0,8.0,5.0,.basicpy_models
basicpy,basicpy__v11__hm_0,"Aufnahme-09_0,5Mio_nach_72h.jpg",1.6855131958627536,0.2539627394871786,0.784512996673584,0.22382054554476932,6.595428031315043,2.2807609410546488,,0.03195468421657816,0.45027790328556266,,,,,,,,approximate,True,2.0,0.1,True,10.0,250.0,8.0,5.0,.basicpy_models
basicpy,basicpy__v12__hm_1,"Aufnahme-09_0,5Mio_nach_72h.jpg",4.646306477849651,0.36650203150929883,0.6519265174865723,0.12454871406757187,6.233972072488589,0.21002136197510907,,0.039029119043606404,0.36170820854047664,,,,,,,,approximate,True,2.0,0.1,True,10.0,250.0,8.0,5.0,.basicpy_models
basicpy,basicpy__v13__hm_0,"Aufnahme-09_0,5Mio_nach_72h.jpg",1.6855131958627536,0.2539627394871786,0.784512996673584,0.22382054554476932,6.595428031315043,2.2807609410546488,,0.03195468421657816,0.45027790328556266,,,,,,,,ladmap,False,0.5,0.1,True,10.0,250.0,8.0,5.0,.basicpy_models
basicpy,basicpy__v14__hm_1,"Aufnahme-09_0,5Mio_nach_72h.jpg",4.646306477849651,0.36650203150929883,0.6519265174865723,0.12454871406757187,6.233972072488589,0.21002136197510907,,0.039029119043606404,0.36170820854047664,,,,,,,,ladmap,False,0.5,0.1,True,10.0,250.0,8.0,5.0,.basicpy_models
basicpy,basicpy__v15__hm_0,"Aufnahme-09_0,5Mio_nach_72h.jpg",1.6855131958627536,0.2539627394871786,0.784512996673584,0.22382054554476932,6.595428031315043,2.2807609410546488,,0.03195468421657816,0.45027790328556266,,,,,,,,ladmap,False,1.0,0.1,True,10.0,250.0,8.0,5.0,.basicpy_models
basicpy,basicpy__v16__hm_1,"Aufnahme-09_0,5Mio_nach_72h.jpg",4.646306477849651,0.36650203150929883,0.6519265174865723,0.12454871406757187,6.233972072488589,0.21002136197510907,,0.039029119043606404,0.36170820854047664,,,,,,,,ladmap,False,1.0,0.1,True,10.0,250.0,8.0,5.0,.basicpy_models
basicpy,basicpy__v17__hm_0,"Aufnahme-09_0,5Mio_nach_72h.jpg",1.6855131958627536,0.2539627394871786,0.784512996673584,0.22382054554476932,6.595428031315043,2.2807609410546488,,0.03195468421657816,0.45027790328556266,,,,,,,,ladmap,False,2.0,0.1,True,10.0,250.0,8.0,5.0,.basicpy_models
basicpy,basicpy__v18__hm_1,"Aufnahme-09_0,5Mio_nach_72h.jpg",4.646306477849651,0.36650203150929883,0.6519265174865723,0.12454871406757187,6.233972072488589,0.21002136197510907,,0.039029119043606404,0.36170820854047664,,,,,,,,ladmap,False,2.0,0.1,True,10.0,250.0,8.0,5.0,.basicpy_models
basicpy,basicpy__v19__hm_0,"Aufnahme-09_0,5Mio_nach_72h.jpg",1.6855131958627536,0.2539627394871786,0.784512996673584,0.22382054554476932,6.595428031315043,2.2807609410546488,,0.03195468421657816,0.45027790328556266,,,,,,,,ladmap,True,0.5,0.1,True,10.0,250.0,8.0,5.0,.basicpy_models
basicpy,basicpy__v20__hm_1,"Aufnahme-09_0,5Mio_nach_72h.jpg",4.646306477849651,0.36650203150929883,0.6519265174865723,0.12454871406757187,6.233972072488589,0.21002136197510907,,0.039029119043606404,0.36170820854047664,,,,,,,,ladmap,True,0.5,0.1,True,10.0,250.0,8.0,5.0,.basicpy_models
basicpy,basicpy__v21__hm_0,"Aufnahme-09_0,5Mio_nach_72h.jpg",1.6855131958627536,0.2539627394871786,0.784512996673584,0.22382054554476932,6.595428031315043,2.2807609410546488,,0.03195468421657816,0.45027790328556266,,,,,,,,ladmap,True,1.0,0.1,True,10.0,250.0,8.0,5.0,.basicpy_models
basicpy,basicpy__v22__hm_1,"Aufnahme-09_0,5Mio_nach_72h.jpg",4.646306477849651,0.36650203150929883,0.6519265174865723,0.12454871406757187,6.233972072488589,0.21002136197510907,,0.039029119043606404,0.36170820854047664,,,,,,,,ladmap,True,1.0,0.1,True,10.0,250.0,8.0,5.0,.basicpy_models
basicpy,basicpy__v23__hm_0,"Aufnahme-09_0,5Mio_nach_72h.jpg",1.6855131958627536,0.2539627394871786,0.784512996673584,0.22382054554476932,6.595428031315043,2.2807609410546488,,0.03195468421657816,0.45027790328556266,,,,,,,,ladmap,True,2.0,0.1,True,10.0,250.0,8.0,5.0,.basicpy_models
basicpy,basicpy__v24__hm_1,"Aufnahme-09_0,5Mio_nach_72h.jpg",4.646306477849651,0.36650203150929883,0.6519265174865723,0.12454871406757187,6.233972072488589,0.21002136197510907,,0.039029119043606404,0.36170820854047664,,,,,,,,ladmap,True,2.0,0.1,True,10.0,250.0,8.0,5.0,.basicpy_models
gaussian_background,gaussian_background__v1__hm_1,Aufnahme-09_2Mio_nach_72h.jpg,4.41172079145013,0.34332773071946576,0.7680765390396118,0.2155029256058003,4.8019018428941616,0.24460387658270438,,0.041488134815939985,0.3882502289115176,10.0,subtract,,,,,,,,,,,,,,,
gaussian_background,gaussian_background__v2__hm_1,Aufnahme-09_2Mio_nach_72h.jpg,4.41172079145013,0.34332773071946576,0.7680765390396118,0.2155029256058003,4.8019018428941616,0.24460387658270438,,0.041488134815939985,0.3882502289115176,20.0,subtract,,,,,,,,,,,,,,,
gaussian_background,gaussian_background__v3__hm_1,Aufnahme-09_2Mio_nach_72h.jpg,4.41172079145013,0.34332773071946576,0.7680765390396118,0.2155029256058003,4.8019018428941616,0.24460387658270438,,0.041488134815939985,0.3882502289115176,30.0,subtract,,,,,,,,,,,,,,,
gaussian_background,gaussian_background__v4__hm_1,Aufnahme-09_2Mio_nach_72h.jpg,4.41172079145013,0.34332773071946576,0.7680765390396118,0.2155029256058003,4.8019018428941616,0.24460387658270438,,0.041488134815939985,0.3882502289115176,40.0,subtract,,,,,,,,,,,,,,,
morphological_opening,morphological_opening__v1__hm_1,Aufnahme-09_2Mio_nach_72h.jpg,1.969613227834794,0.2853128792194184,0.8912591338157654,0.17893484634722687,7.504067237097837,0.5609641834906338,,0.03393051700747198,0.4457702519419663,,subtract,15.0,,,,,,,,,,,,,,
morphological_opening,morphological_opening__v2__hm_1,Aufnahme-09_2Mio_nach_72h.jpg,1.969613227834794,0.2853128792194184,0.8912591338157654,0.17893484634722687,7.504067237097837,0.5609641834906338,,0.03393051700747198,0.4457702519419663,,subtract,25.0,,,,,,,,,,,,,,
morphological_opening,morphological_opening__v3__hm_1,Aufnahme-09_2Mio_nach_72h.jpg,1.969613227834794,0.2853128792194184,0.8912591338157654,0.17893484634722687,7.504067237097837,0.5609641834906338,,0.03393051700747198,0.4457702519419663,,subtract,35.0,,,,,,,,,,,,,,
morphological_opening,morphological_opening__v4__hm_1,Aufnahme-09_2Mio_nach_72h.jpg,1.969613227834794,0.2853128792194184,0.8912591338157654,0.17893484634722687,7.504067237097837,0.5609641834906338,,0.03393051700747198,0.4457702519419663,,subtract,50.0,,,,,,,,,,,,,,
rolling_ball,rolling_ball__v1__hm_0,Aufnahme-09_2Mio_nach_72h.jpg,1.2716770050968387,0.19855680616456084,0.8748210072517395,0.20923913043458953,5.1034048965788505,1.2430446695614756,,0.03440446016887993,0.481501325879241,,subtract,50.0,,,,,,,,,,,,,,
rolling_ball,rolling_ball__v2__hm_1,Aufnahme-09_2Mio_nach_72h.jpg,1.9948306255851913,0.27609365663374774,0.7159097194671631,0.13382420176998971,7.887807606054313,0.533493217590331,,0.03589830657751521,0.4193402572255701,,subtract,50.0,,,,,,,,,,,,,,
rolling_ball,rolling_ball__v3__hm_0,Aufnahme-09_2Mio_nach_72h.jpg,1.2716770050968387,0.19855680616456084,0.8748210072517395,0.20923913043458953,5.1034048965788505,1.2430446695614756,,0.03440446016887993,0.481501325879241,,subtract,75.0,,,,,,,,,,,,,,
rolling_ball,rolling_ball__v4__hm_1,Aufnahme-09_2Mio_nach_72h.jpg,1.9948306255851913,0.27609365663374774,0.7159097194671631,0.13382420176998971,7.887807606054313,0.533493217590331,,0.03589830657751521,0.4193402572255701,,subtract,75.0,,,,,,,,,,,,,,
rolling_ball,rolling_ball__v5__hm_0,Aufnahme-09_2Mio_nach_72h.jpg,1.2716770050968387,0.19855680616456084,0.8748210072517395,0.20923913043458953,5.1034048965788505,1.2430446695614756,,0.03440446016887993,0.481501325879241,,subtract,100.0,,,,,,,,,,,,,,
rolling_ball,rolling_ball__v6__hm_1,Aufnahme-09_2Mio_nach_72h.jpg,1.9948306255851913,0.27609365663374774,0.7159097194671631,0.13382420176998971,7.887807606054313,0.533493217590331,,0.03589830657751521,0.4193402572255701,,subtract,100.0,,,,,,,,,,,,,,
rolling_ball,rolling_ball__v7__hm_0,Aufnahme-09_2Mio_nach_72h.jpg,1.2716770050968387,0.19855680616456084,0.8748210072517395,0.20923913043458953,5.1034048965788505,1.2430446695614756,,0.03440446016887993,0.481501325879241,,subtract,125.0,,,,,,,,,,,,,,
rolling_ball,rolling_ball__v8__hm_1,Aufnahme-09_2Mio_nach_72h.jpg,1.9948306255851913,0.27609365663374774,0.7159097194671631,0.13382420176998971,7.887807606054313,0.533493217590331,,0.03589830657751521,0.4193402572255701,,subtract,125.0,,,,,,,,,,,,,,
rolling_ball,rolling_ball__v9__hm_0,Aufnahme-09_2Mio_nach_72h.jpg,1.2716770050968387,0.19855680616456084,0.8748210072517395,0.20923913043458953,5.1034048965788505,1.2430446695614756,,0.03440446016887993,0.481501325879241,,subtract,150.0,,,,,,,,,,,,,,
rolling_ball,rolling_ball__v10__hm_1,Aufnahme-09_2Mio_nach_72h.jpg,1.9948306255851913,0.27609365663374774,0.7159097194671631,0.13382420176998971,7.887807606054313,0.533493217590331,,0.03589830657751521,0.4193402572255701,,subtract,150.0,,,,,,,,,,,,,,
polynomial_fit,polynomial_fit__v1__hm_1,Aufnahme-09_2Mio_nach_72h.jpg,4.117812823663301,0.32200660166563466,0.7755053043365479,0.21140919506425676,5.150828782649672,0.2770931814319386,,0.03950764742666551,0.39234645107438,,subtract,,2.0,True,2.5,5.0,,,,,,,,,,
polynomial_fit,polynomial_fit__v2__hm_1,Aufnahme-09_2Mio_nach_72h.jpg,4.117812823663301,0.32200660166563466,0.7755053043365479,0.21140919506425676,5.150828782649672,0.2770931814319386,,0.03950764742666551,0.39234645107438,,subtract,,3.0,True,2.5,5.0,,,,,,,,,,
basicpy,basicpy__v1__hm_0,Aufnahme-09_2Mio_nach_72h.jpg,1.2867491001316047,0.23137140946346335,0.7915628552436829,0.22304444817554736,6.104933950511144,1.6606638417527966,,0.034362951945930684,0.4707079356030376,,,,,,,,approximate,False,0.5,0.1,True,10.0,250.0,8.0,5.0,.basicpy_models
basicpy,basicpy__v2__hm_1,Aufnahme-09_2Mio_nach_72h.jpg,4.411720838257111,0.34332775307120755,0.7666540741920471,0.21708555212586358,4.742375649046758,0.24310558034319196,,0.041382360228558186,0.3882786662279471,,,,,,,,approximate,False,0.5,0.1,True,10.0,250.0,8.0,5.0,.basicpy_models
basicpy,basicpy__v3__hm_0,Aufnahme-09_2Mio_nach_72h.jpg,1.2867491001316047,0.23137140946346335,0.7915628552436829,0.22304444817554736,6.104933950511144,1.6606638417527966,,0.034362951945930684,0.4707079356030376,,,,,,,,approximate,False,1.0,0.1,True,10.0,250.0,8.0,5.0,.basicpy_models
basicpy,basicpy__v4__hm_1,Aufnahme-09_2Mio_nach_72h.jpg,4.411720838257111,0.34332775307120755,0.7666540741920471,0.21708555212586358,4.742375649046758,0.24310558034319196,,0.041382360228558186,0.3882786662279471,,,,,,,,approximate,False,1.0,0.1,True,10.0,250.0,8.0,5.0,.basicpy_models
basicpy,basicpy__v5__hm_0,Aufnahme-09_2Mio_nach_72h.jpg,1.2867491001316047,0.23137140946346335,0.7915628552436829,0.22304444817554736,6.104933950511144,1.6606638417527966,,0.034362951945930684,0.4707079356030376,,,,,,,,approximate,False,2.0,0.1,True,10.0,250.0,8.0,5.0,.basicpy_models
basicpy,basicpy__v6__hm_1,Aufnahme-09_2Mio_nach_72h.jpg,4.411720838257111,0.34332775307120755,0.7666540741920471,0.21708555212586358,4.742375649046758,0.24310558034319196,,0.041382360228558186,0.3882786662279471,,,,,,,,approximate,False,2.0,0.1,True,10.0,250.0,8.0,5.0,.basicpy_models
basicpy,basicpy__v7__hm_0,Aufnahme-09_2Mio_nach_72h.jpg,1.2867491001316047,0.23137140946346335,0.7915628552436829,0.22304444817554736,6.104933950511144,1.6606638417527966,,0.034362951945930684,0.4707079356030376,,,,,,,,approximate,True,0.5,0.1,True,10.0,250.0,8.0,5.0,.basicpy_models
basicpy,basicpy__v8__hm_1,Aufnahme-09_2Mio_nach_72h.jpg,4.411720838257111,0.34332775307120755,0.7666540741920471,0.21708555212586358,4.742375649046758,0.24310558034319196,,0.041382360228558186,0.3882786662279471,,,,,,,,approximate,True,0.5,0.1,True,10.0,250.0,8.0,5.0,.basicpy_models
basicpy,basicpy__v9__hm_0,Aufnahme-09_2Mio_nach_72h.jpg,1.2867491001316047,0.23137140946346335,0.7915628552436829,0.22304444817554736,6.104933950511144,1.6606638417527966,,0.034362951945930684,0.4707079356030376,,,,,,,,approximate,True,1.0,0.1,True,10.0,250.0,8.0,5.0,.basicpy_models
basicpy,basicpy__v10__hm_1,Aufnahme-09_2Mio_nach_72h.jpg,4.411720838257111,0.34332775307120755,0.7666540741920471,0.21708555212586358,4.742375649046758,0.24310558034319196,,0.041382360228558186,0.3882786662279471,,,,,,,,approximate,True,1.0,0.1,True,10.0,250.0,8.0,5.0,.basicpy_models
basicpy,basicpy__v11__hm_0,Aufnahme-09_2Mio_nach_72h.jpg,1.2867491001316047,0.23137140946346335,0.7915628552436829,0.22304444817554736,6.104933950511144,1.6606638417527966,,0.034362951945930684,0.4707079356030376,,,,,,,,approximate,True,2.0,0.1,True,10.0,250.0,8.0,5.0,.basicpy_models
basicpy,basicpy__v12__hm_1,Aufnahme-09_2Mio_nach_72h.jpg,4.411720838257111,0.34332775307120755,0.7666540741920471,0.21708555212586358,4.742375649046758,0.24310558034319196,,0.041382360228558186,0.3882786662279471,,,,,,,,approximate,True,2.0,0.1,True,10.0,250.0,8.0,5.0,.basicpy_models
basicpy,basicpy__v13__hm_0,Aufnahme-09_2Mio_nach_72h.jpg,1.2867491001316047,0.23137140946346335,0.7915628552436829,0.22304444817554736,6.104933950511144,1.6606638417527966,,0.034362951945930684,0.4707079356030376,,,,,,,,ladmap,False,0.5,0.1,True,10.0,250.0,8.0,5.0,.basicpy_models
basicpy,basicpy__v14__hm_1,Aufnahme-09_2Mio_nach_72h.jpg,4.411720838257111,0.34332775307120755,0.7666540741920471,0.21708555212586358,4.742375649046758,0.24310558034319196,,0.041382360228558186,0.3882786662279471,,,,,,,,ladmap,False,0.5,0.1,True,10.0,250.0,8.0,5.0,.basicpy_models
basicpy,basicpy__v15__hm_0,Aufnahme-09_2Mio_nach_72h.jpg,1.2867491001316047,0.23137140946346335,0.7915628552436829,0.22304444817554736,6.104933950511144,1.6606638417527966,,0.034362951945930684,0.4707079356030376,,,,,,,,ladmap,False,1.0,0.1,True,10.0,250.0,8.0,5.0,.basicpy_models
basicpy,basicpy__v16__hm_1,Aufnahme-09_2Mio_nach_72h.jpg,4.411720838257111,0.34332775307120755,0.7666540741920471,0.21708555212586358,4.742375649046758,0.24310558034319196,,0.041382360228558186,0.3882786662279471,,,,,,,,ladmap,False,1.0,0.1,True,10.0,250.0,8.0,5.0,.basicpy_models
basicpy,basicpy__v17__hm_0,Aufnahme-09_2Mio_nach_72h.jpg,1.2867491001316047,0.23137140946346335,0.7915628552436829,0.22304444817554736,6.104933950511144,1.6606638417527966,,0.034362951945930684,0.4707079356030376,,,,,,,,ladmap,False,2.0,0.1,True,10.0,250.0,8.0,5.0,.basicpy_models
basicpy,basicpy__v18__hm_1,Aufnahme-09_2Mio_nach_72h.jpg,4.411720838257111,0.34332775307120755,0.7666540741920471,0.21708555212586358,4.742375649046758,0.24310558034319196,,0.041382360228558186,0.3882786662279471,,,,,,,,ladmap,False,2.0,0.1,True,10.0,250.0,8.0,5.0,.basicpy_models
basicpy,basicpy__v19__hm_0,Aufnahme-09_2Mio_nach_72h.jpg,1.2867491001316047,0.23137140946346335,0.7915628552436829,0.22304444817554736,6.104933950511144,1.6606638417527966,,0.034362951945930684,0.4707079356030376,,,,,,,,ladmap,True,0.5,0.1,True,10.0,250.0,8.0,5.0,.basicpy_models
basicpy,basicpy__v20__hm_1,Aufnahme-09_2Mio_nach_72h.jpg,4.411720838257111,0.34332775307120755,0.7666540741920471,0.21708555212586358,4.742375649046758,0.24310558034319196,,0.041382360228558186,0.3882786662279471,,,,,,,,ladmap,True,0.5,0.1,True,10.0,250.0,8.0,5.0,.basicpy_models
basicpy,basicpy__v21__hm_0,Aufnahme-09_2Mio_nach_72h.jpg,1.2867491001316047,0.23137140946346335,0.7915628552436829,0.22304444817554736,6.104933950511144,1.6606638417527966,,0.034362951945930684,0.4707079356030376,,,,,,,,ladmap,True,1.0,0.1,True,10.0,250.0,8.0,5.0,.basicpy_models
basicpy,basicpy__v22__hm_1,Aufnahme-09_2Mio_nach_72h.jpg,4.411720838257111,0.34332775307120755,0.7666540741920471,0.21708555212586358,4.742375649046758,0.24310558034319196,,0.041382360228558186,0.3882786662279471,,,,,,,,ladmap,True,1.0,0.1,True,10.0,250.0,8.0,5.0,.basicpy_models
basicpy,basicpy__v23__hm_0,Aufnahme-09_2Mio_nach_72h.jpg,1.2867491001316047,0.23137140946346335,0.7915628552436829,0.22304444817554736,6.104933950511144,1.6606638417527966,,0.034362951945930684,0.4707079356030376,,,,,,,,ladmap,True,2.0,0.1,True,10.0,250.0,8.0,5.0,.basicpy_models
basicpy,basicpy__v24__hm_1,Aufnahme-09_2Mio_nach_72h.jpg,4.411720838257111,0.34332775307120755,0.7666540741920471,0.21708555212586358,4.742375649046758,0.24310558034319196,,0.041382360228558186,0.3882786662279471,,,,,,,,ladmap,True,2.0,0.1,True,10.0,250.0,8.0,5.0,.basicpy_models
gaussian_background,gaussian_background__v1__hm_1,"Aufnahme-12_0,5Mio_nach_96h.jpg",4.337552831940288,0.33732911926927045,0.7308587431907654,0.11639500517709424,5.100685836183338,0.25173764069150867,,0.03216402460733137,0.3740720552908727,10.0,subtract,,,,,,,,,,,,,,,
gaussian_background,gaussian_background__v2__hm_1,"Aufnahme-12_0,5Mio_nach_96h.jpg",4.337552831940288,0.33732911926927045,0.7308587431907654,0.11639500517709424,5.100685836183338,0.25173764069150867,,0.03216402460733137,0.3740720552908727,20.0,subtract,,,,,,,,,,,,,,,
gaussian_background,gaussian_background__v3__hm_1,"Aufnahme-12_0,5Mio_nach_96h.jpg",4.337552831940288,0.33732911926927045,0.7308587431907654,0.11639500517709424,5.100685836183338,0.25173764069150867,,0.03216402460733137,0.3740720552908727,30.0,subtract,,,,,,,,,,,,,,,
gaussian_background,gaussian_background__v4__hm_1,"Aufnahme-12_0,5Mio_nach_96h.jpg",4.337552831940288,0.33732911926927045,0.7308587431907654,0.11639500517709424,5.100685836183338,0.25173764069150867,,0.03216402460733137,0.3740720552908727,40.0,subtract,,,,,,,,,,,,,,,
morphological_opening,morphological_opening__v1__hm_1,"Aufnahme-12_0,5Mio_nach_96h.jpg",1.8486872010410507,0.2841398704331368,0.8966116905212402,0.09353372076736949,7.222549412635156,0.5591084370461401,,0.023668673745292364,0.4415916678946429,,subtract,15.0,,,,,,,,,,,,,,
morphological_opening,morphological_opening__v2__hm_1,"Aufnahme-12_0,5Mio_nach_96h.jpg",1.8486872010410507,0.2841398704331368,0.8966116905212402,0.09353372076736949,7.222549412635156,0.5591084370461401,,0.023668673745292364,0.4415916678946429,,subtract,25.0,,,,,,,,,,,,,,
morphological_opening,morphological_opening__v3__hm_1,"Aufnahme-12_0,5Mio_nach_96h.jpg",1.8486872010410507,0.2841398704331368,0.8966116905212402,0.09353372076736949,7.222549412635156,0.5591084370461401,,0.023668673745292364,0.4415916678946429,,subtract,35.0,,,,,,,,,,,,,,
morphological_opening,morphological_opening__v4__hm_1,"Aufnahme-12_0,5Mio_nach_96h.jpg",1.8486872010410507,0.2841398704331368,0.8966116905212402,0.09353372076736949,7.222549412635156,0.5591084370461401,,0.023668673745292364,0.4415916678946429,,subtract,50.0,,,,,,,,,,,,,,
rolling_ball,rolling_ball__v1__hm_0,"Aufnahme-12_0,5Mio_nach_96h.jpg",1.4821888294086212,0.21101071769953705,0.834165096282959,0.11043411613546841,5.558064968055857,1.394898648266122,,0.031352241475093426,0.45378694256200836,,subtract,50.0,,,,,,,,,,,,,,
rolling_ball,rolling_ball__v2__hm_1,"Aufnahme-12_0,5Mio_nach_96h.jpg",1.7573469900711283,0.26770850346656516,0.700859546661377,0.061228481281179185,7.796273100782343,0.49487691246290116,,0.03311627848065906,0.4180718189493508,,subtract,50.0,,,,,,,,,,,,,,
rolling_ball,rolling_ball__v3__hm_0,"Aufnahme-12_0,5Mio_nach_96h.jpg",1.4821888294086212,0.21101071769953705,0.834165096282959,0.11043411613546841,5.558064968055857,1.394898648266122,,0.031352241475093426,0.45378694256200836,,subtract,75.0,,,,,,,,,,,,,,
rolling_ball,rolling_ball__v4__hm_1,"Aufnahme-12_0,5Mio_nach_96h.jpg",1.7573469900711283,0.26770850346656516,0.700859546661377,0.061228481281179185,7.796273100782343,0.49487691246290116,,0.03311627848065906,0.4180718189493508,,subtract,75.0,,,,,,,,,,,,,,
rolling_ball,rolling_ball__v5__hm_0,"Aufnahme-12_0,5Mio_nach_96h.jpg",1.4821888294086212,0.21101071769953705,0.834165096282959,0.11043411613546841,5.558064968055857,1.394898648266122,,0.031352241475093426,0.45378694256200836,,subtract,100.0,,,,,,,,,,,,,,
rolling_ball,rolling_ball__v6__hm_1,"Aufnahme-12_0,5Mio_nach_96h.jpg",1.7573469900711283,0.26770850346656516,0.700859546661377,0.061228481281179185,7.796273100782343,0.49487691246290116,,0.03311627848065906,0.4180718189493508,,subtract,100.0,,,,,,,,,,,,,,
rolling_ball,rolling_ball__v7__hm_0,"Aufnahme-12_0,5Mio_nach_96h.jpg",1.4821888294086212,0.21101071769953705,0.834165096282959,0.11043411613546841,5.558064968055857,1.394898648266122,,0.031352241475093426,0.45378694256200836,,subtract,125.0,,,,,,,,,,,,,,
rolling_ball,rolling_ball__v8__hm_1,"Aufnahme-12_0,5Mio_nach_96h.jpg",1.7573469900711283,0.26770850346656516,0.700859546661377,0.061228481281179185,7.796273100782343,0.49487691246290116,,0.03311627848065906,0.4180718189493508,,subtract,125.0,,,,,,,,,,,,,,
rolling_ball,rolling_ball__v9__hm_0,"Aufnahme-12_0,5Mio_nach_96h.jpg",1.4821888294086212,0.21101071769953705,0.834165096282959,0.11043411613546841,5.558064968055857,1.394898648266122,,0.031352241475093426,0.45378694256200836,,subtract,150.0,,,,,,,,,,,,,,
rolling_ball,rolling_ball__v10__hm_1,"Aufnahme-12_0,5Mio_nach_96h.jpg",1.7573469900711283,0.26770850346656516,0.700859546661377,0.061228481281179185,7.796273100782343,0.49487691246290116,,0.03311627848065906,0.4180718189493508,,subtract,150.0,,,,,,,,,,,,,,
polynomial_fit,polynomial_fit__v1__hm_1,"Aufnahme-12_0,5Mio_nach_96h.jpg",3.9863674331804995,0.31471290794434026,0.7291824221611023,0.11165781718822135,5.426316555269246,0.2925486350607343,,0.030305859439667633,0.37784752920026726,,subtract,,2.0,True,2.5,5.0,,,,,,,,,,
polynomial_fit,polynomial_fit__v2__hm_1,"Aufnahme-12_0,5Mio_nach_96h.jpg",3.9863674331804995,0.31471290794434026,0.7291824221611023,0.11165781718822135,5.426316555269246,0.2925486350607343,,0.030305859439667633,0.37784752920026726,,subtract,,3.0,True,2.5,5.0,,,,,,,,,,
basicpy,basicpy__v1__hm_0,"Aufnahme-12_0,5Mio_nach_96h.jpg",1.2999659386251343,0.2332253448839765,0.7490140795707703,0.1184375681138606,6.44804768864514,1.6413067796473806,,0.024446571337452743,0.4536486811019735,,,,,,,,approximate,False,0.5,0.1,True,10.0,250.0,8.0,5.0,.basicpy_models
basicpy,basicpy__v2__hm_1,"Aufnahme-12_0,5Mio_nach_96h.jpg",4.337553033827852,0.33732913417043164,0.7273263335227966,0.11726525920305071,5.034495757327796,0.25268259055279035,,0.031628912513584184,0.3738117223306378,,,,,,,,approximate,False,0.5,0.1,True,10.0,250.0,8.0,5.0,.basicpy_models
basicpy,basicpy__v3__hm_0,"Aufnahme-12_0,5Mio_nach_96h.jpg",1.2999659386251343,0.2332253448839765,0.7490140795707703,0.1184375681138606,6.44804768864514,1.6413067796473806,,0.024446571337452743,0.4536486811019735,,,,,,,,approximate,False,1.0,0.1,True,10.0,250.0,8.0,5.0,.basicpy_models
basicpy,basicpy__v4__hm_1,"Aufnahme-12_0,5Mio_nach_96h.jpg",4.337553033827852,0.33732913417043164,0.7273263335227966,0.11726525920305071,5.034495757327796,0.25268259055279035,,0.031628912513584184,0.3738117223306378,,,,,,,,approximate,False,1.0,0.1,True,10.0,250.0,8.0,5.0,.basicpy_models
basicpy,basicpy__v5__hm_0,"Aufnahme-12_0,5Mio_nach_96h.jpg",1.2999659386251343,0.2332253448839765,0.7490140795707703,0.1184375681138606,6.44804768864514,1.6413067796473806,,0.024446571337452743,0.4536486811019735,,,,,,,,approximate,False,2.0,0.1,True,10.0,250.0,8.0,5.0,.basicpy_models
basicpy,basicpy__v6__hm_1,"Aufnahme-12_0,5Mio_nach_96h.jpg",4.337553033827852,0.33732913417043164,0.7273263335227966,0.11726525920305071,5.034495757327796,0.25268259055279035,,0.031628912513584184,0.3738117223306378,,,,,,,,approximate,False,2.0,0.1,True,10.0,250.0,8.0,5.0,.basicpy_models
basicpy,basicpy__v7__hm_0,"Aufnahme-12_0,5Mio_nach_96h.jpg",1.2999659386251343,0.2332253448839765,0.7490140795707703,0.1184375681138606,6.44804768864514,1.6413067796473806,,0.024446571337452743,0.4536486811019735,,,,,,,,approximate,True,0.5,0.1,True,10.0,250.0,8.0,5.0,.basicpy_models
basicpy,basicpy__v8__hm_1,"Aufnahme-12_0,5Mio_nach_96h.jpg",4.337553033827852,0.33732913417043164,0.7273263335227966,0.11726525920305071,5.034495757327796,0.25268259055279035,,0.031628912513584184,0.3738117223306378,,,,,,,,approximate,True,0.5,0.1,True,10.0,250.0,8.0,5.0,.basicpy_models
basicpy,basicpy__v9__hm_0,"Aufnahme-12_0,5Mio_nach_96h.jpg",1.2999659386251343,0.2332253448839765,0.7490140795707703,0.1184375681138606,6.44804768864514,1.6413067796473806,,0.024446571337452743,0.4536486811019735,,,,,,,,approximate,True,1.0,0.1,True,10.0,250.0,8.0,5.0,.basicpy_models
basicpy,basicpy__v10__hm_1,"Aufnahme-12_0,5Mio_nach_96h.jpg",4.337553033827852,0.33732913417043164,0.7273263335227966,0.11726525920305071,5.034495757327796,0.25268259055279035,,0.031628912513584184,0.3738117223306378,,,,,,,,approximate,True,1.0,0.1,True,10.0,250.0,8.0,5.0,.basicpy_models
basicpy,basicpy__v11__hm_0,"Aufnahme-12_0,5Mio_nach_96h.jpg",1.2999659386251343,0.2332253448839765,0.7490140795707703,0.1184375681138606,6.44804768864514,1.6413067796473806,,0.024446571337452743,0.4536486811019735,,,,,,,,approximate,True,2.0,0.1,True,10.0,250.0,8.0,5.0,.basicpy_models
basicpy,basicpy__v12__hm_1,"Aufnahme-12_0,5Mio_nach_96h.jpg",4.337553033827852,0.33732913417043164,0.7273263335227966,0.11726525920305071,5.034495757327796,0.25268259055279035,,0.031628912513584184,0.3738117223306378,,,,,,,,approximate,True,2.0,0.1,True,10.0,250.0,8.0,5.0,.basicpy_models
basicpy,basicpy__v13__hm_0,"Aufnahme-12_0,5Mio_nach_96h.jpg",1.2999659386251343,0.2332253448839765,0.7490140795707703,0.1184375681138606,6.44804768864514,1.6413067796473806,,0.024446571337452743,0.4536486811019735,,,,,,,,ladmap,False,0.5,0.1,True,10.0,250.0,8.0,5.0,.basicpy_models
basicpy,basicpy__v14__hm_1,"Aufnahme-12_0,5Mio_nach_96h.jpg",4.337553033827852,0.33732913417043164,0.7273263335227966,0.11726525920305071,5.034495757327796,0.25268259055279035,,0.031628912513584184,0.3738117223306378,,,,,,,,ladmap,False,0.5,0.1,True,10.0,250.0,8.0,5.0,.basicpy_models
basicpy,basicpy__v15__hm_0,"Aufnahme-12_0,5Mio_nach_96h.jpg",1.2999659386251343,0.2332253448839765,0.7490140795707703,0.1184375681138606,6.44804768864514,1.6413067796473806,,0.024446571337452743,0.4536486811019735,,,,,,,,ladmap,False,1.0,0.1,True,10.0,250.0,8.0,5.0,.basicpy_models
basicpy,basicpy__v16__hm_1,"Aufnahme-12_0,5Mio_nach_96h.jpg",4.337553033827852,0.33732913417043164,0.7273263335227966,0.11726525920305071,5.034495757327796,0.25268259055279035,,0.031628912513584184,0.3738117223306378,,,,,,,,ladmap,False,1.0,0.1,True,10.0,250.0,8.0,5.0,.basicpy_models
basicpy,basicpy__v17__hm_0,"Aufnahme-12_0,5Mio_nach_96h.jpg",1.2999659386251343,0.2332253448839765,0.7490140795707703,0.1184375681138606,6.44804768864514,1.6413067796473806,,0.024446571337452743,0.4536486811019735,,,,,,,,ladmap,False,2.0,0.1,True,10.0,250.0,8.0,5.0,.basicpy_models
basicpy,basicpy__v18__hm_1,"Aufnahme-12_0,5Mio_nach_96h.jpg",4.337553033827852,0.33732913417043164,0.7273263335227966,0.11726525920305071,5.034495757327796,0.25268259055279035,,0.031628912513584184,0.3738117223306378,,,,,,,,ladmap,False,2.0,0.1,True,10.0,250.0,8.0,5.0,.basicpy_models
basicpy,basicpy__v19__hm_0,"Aufnahme-12_0,5Mio_nach_96h.jpg",1.2999659386251343,0.2332253448839765,0.7490140795707703,0.1184375681138606,6.44804768864514,1.6413067796473806,,0.024446571337452743,0.4536486811019735,,,,,,,,ladmap,True,0.5,0.1,True,10.0,250.0,8.0,5.0,.basicpy_models
basicpy,basicpy__v20__hm_1,"Aufnahme-12_0,5Mio_nach_96h.jpg",4.337553033827852,0.33732913417043164,0.7273263335227966,0.11726525920305071,5.034495757327796,0.25268259055279035,,0.031628912513584184,0.3738117223306378,,,,,,,,ladmap,True,0.5,0.1,True,10.0,250.0,8.0,5.0,.basicpy_models
basicpy,basicpy__v21__hm_0,"Aufnahme-12_0,5Mio_nach_96h.jpg",1.2999659386251343,0.2332253448839765,0.7490140795707703,0.1184375681138606,6.44804768864514,1.6413067796473806,,0.024446571337452743,0.4536486811019735,,,,,,,,ladmap,True,1.0,0.1,True,10.0,250.0,8.0,5.0,.basicpy_models
basicpy,basicpy__v22__hm_1,"Aufnahme-12_0,5Mio_nach_96h.jpg",4.337553033827852,0.33732913417043164,0.7273263335227966,0.11726525920305071,5.034495757327796,0.25268259055279035,,0.031628912513584184,0.3738117223306378,,,,,,,,ladmap,True,1.0,0.1,True,10.0,250.0,8.0,5.0,.basicpy_models
basicpy,basicpy__v23__hm_0,"Aufnahme-12_0,5Mio_nach_96h.jpg",1.2999659386251343,0.2332253448839765,0.7490140795707703,0.1184375681138606,6.44804768864514,1.6413067796473806,,0.024446571337452743,0.4536486811019735,,,,,,,,ladmap,True,2.0,0.1,True,10.0,250.0,8.0,5.0,.basicpy_models
basicpy,basicpy__v24__hm_1,"Aufnahme-12_0,5Mio_nach_96h.jpg",4.337553033827852,0.33732913417043164,0.7273263335227966,0.11726525920305071,5.034495757327796,0.25268259055279035,,0.031628912513584184,0.3738117223306378,,,,,,,,ladmap,True,2.0,0.1,True,10.0,250.0,8.0,5.0,.basicpy_models
